PC1,PC2,PC3,PC4,PC5,PC6,PC7,PC8,PC9,PC10,PC11,PC12,PC13,PC14,PC15,PC16,PC17,PC18,PC19,PC20,num
0.8485881163160642,-0.38838829190532004,1.363395183358835,0.5268775508282163,-0.06383440863275655,-1.4336767812209428,0.15829201446786592,0.21759927947695198,-0.09241968330145334,0.7131741531165856,-0.6003217032168898,-0.5644383327711378,-0.4902766196634501,-0.11197236921172973,-0.2578382026933151,0.6760379049694366,0.09056840901928638,-0.048447480138883794,0.665288794461806,0.1557435178677301,0
3.4963987515032553,0.4927907351662043,0.04923544848522256,-0.3592106151122347,0.27670916549655683,1.5942334999849839,-0.07053071757677508,-0.3398202874810585,0.49329976621531957,0.6073546860603222,-0.20756302555953351,-0.1558204356012267,-0.01763324372541743,0.027496316224980333,-0.218905595159549,0.03940126829376618,0.4905833856831205,-0.7317980274469964,-0.70958608557272,-0.040224187347834665,1
2.324479354572936,-1.5607178276163176,-0.5483895039119925,-0.34918704257149635,1.0086634313445275,-0.5637422787649403,0.6012007487584861,0.3336616886283146,-0.26157589862201136,0.37988476164252677,-0.10290171246597336,0.1922066141601593,-0.12431247679545905,0.029679652913535276,0.01692622811997258,-0.18608712319380102,-0.22681882001171377,-0.6705901533878006,-0.40603727943758633,-0.03268373601342187,1
-1.1473583059336947,-0.31806082681665576,-0.2126102789867211,2.8675278505511965,0.5747692492286284,-1.4165446486969475,-0.8495995742729981,0.3555570676968176,-0.8517689529078801,0.3658348308263609,-0.483235094524254,0.22991082488220663,-0.5200362522309181,-0.0701040882637822,-1.228720062609023,-0.04910337209977858,0.1941625285558705,0.37540658189734694,-0.3880495623971865,-0.11545766245101233,0
-2.036221886385007,-0.47333986458594624,0.2904348891105378,1.0819109061485268,0.16112948811691427,-0.2501830546613413,-0.2495534539912393,-0.8361071857217391,0.4061537553788253,0.38431154199506895,0.1910082585717621,-0.5737556439185749,-0.21551820056868254,0.2663913638821162,0.2117169317777019,-0.2018329304402363,-0.6030454797393809,-0.13375636347140366,0.035455518713305996,0.1440589966917647,0
-1.1989930374849562,0.17214343199789275,0.555773537038867,-0.4796951267522381,0.6992939902677101,-1.3075740941307914,0.5963161255673597,-0.07785420796770522,-0.11545942507719464,0.3109955973545099,-0.20442201133004134,-0.32708573238212074,-0.6023039693344588,0.5528842229598924,-0.14596690115357328,0.15190511376888816,-0.18475037022412183,0.06677970681834876,-0.17104981249127532,0.055284693114344974,0
2.14205770673604,0.3515489165235083,0.11496221709879433,1.327823946949684,1.3084715688671242,-0.9655340518071452,-0.7012997091429495,-1.139520405975094,-0.29138233643174105,-0.0944822540331509,-0.11883694876885353,-0.5530798594634864,-0.4520611441609213,-0.7126509066994242,0.026608320912844464,-0.22812646851137952,0.08970050908782468,0.2369805842481132,-0.003560158654462205,-0.11457431689684573,1
0.050495967821533136,2.1604511005206084,-1.1251826749281868,-0.32031003433427985,-0.2711893583526823,-0.9069317904588029,0.7628794325151993,-0.7740295645606575,-0.10900613701372697,-0.08695733584252019,0.03256820724556968,-0.09164030254777386,0.0006155002572113493,-0.8022930103363913,-0.37733981596374677,0.012923871017395366,-0.2618774485668757,-0.13360925144262298,-0.23921213634513444,0.04763540242872442,0
1.1743359794578736,-0.11571499371134866,-0.12335182951827324,-0.5123686510283368,0.33554227928480773,-0.3165099391137227,0.7452692840779505,0.7130831974327869,-0.6032720203504947,-0.05285816717560394,0.1475804801474396,-0.004315221890217954,0.6254540564693281,0.7740311848712371,-0.2382579043889348,-0.44083245935313053,0.30363574261963727,0.0057763472440351534,0.22978970379442357,-0.4848451330218348,1
0.3520825833907738,-1.5059980846583898,0.42537578513232316,1.9283979633066421,-0.3301095453100394,-0.49378354158800136,-0.08030362393247047,-0.3392216492363459,-1.0617057206318745,-0.5190564691591648,-1.095338312370697,0.417538523110311,-0.03334522879184516,-0.45844163207677313,0.5652620405557962,0.25950532698113965,-0.47672938365368894,-0.5402900215700011,0.351198763474047,0.24643042028265572,1
-0.2202496342111172,-0.7359146714275686,1.2595793931624955,-0.6273329435820456,-0.6155080482769483,0.031022536406446137,0.38689827372625385,-0.28749894830856626,0.08381938365191774,-0.8229611934470851,0.4964609843239968,-0.1598398032573844,-0.316866904746786,-0.043624738064234704,-0.2560289104619813,0.03427417220365216,1.0066005226723473,-0.0315054933109559,0.07484414216273028,-0.3552477749825724,0
0.4259517882653664,1.2363796460897807,0.05070424122926877,0.1343931216994402,-0.8640851193544833,-0.5062829376134264,-0.6838884324407568,-0.3915564895239853,-0.2907628661773326,-0.7074255617441074,0.46385262336119787,-0.370930423629437,0.15831176773302133,1.2374937827843733,-0.5433863350575501,-0.20745178736729103,-0.2207867211519738,-0.028254488693481628,-0.19910909796541326,-0.4540125462381997,0
0.41688629472457017,0.16946003294972448,0.1812531374711697,-0.6486302871695641,0.06369790711306594,0.2537113291736351,-0.3331256620190433,0.8379468419182713,-0.09214194665362974,0.16845081946466922,0.43412505376835664,0.6204360003000787,-0.8905580516415286,-0.4588959064611924,-0.9470735167534821,1.41188981433812,-0.24114881951426975,-0.015714244860124935,-0.009226608552078748,-0.18507150117627263,1
-2.0698094186321594,0.5897336447586191,-0.6051663308705453,0.22557262344636678,0.2072380893898925,0.12246765958789041,0.49980925514356606,0.5581875119848554,-0.47797750421683716,0.5254738662993006,-0.7146590175012664,0.07474159937843237,-0.38283045660668064,0.8614739745142417,0.04750986920564502,-0.36181594566858993,-0.5065589326860942,-0.2343393039467011,-0.13626046427026314,-0.06860222233804911,0
-0.8076989979454271,0.04518450689164824,2.4683792644937372,0.9696930891092266,-0.5837199779635308,0.9027078840620562,-0.4269808935500007,0.7604729001773267,0.4365727457514707,-0.5801991152319084,-0.48217734075511504,0.3726674302827992,0.3822560190035475,-0.30625883836235235,0.5363044809634712,-0.009576286334236343,-0.017920152865657776,0.05260920471096227,0.5086152131644384,-0.0718893015306699,0
-0.5055891248245623,-0.592800946849772,2.0982107285351894,0.409665505829971,0.22068071002775688,-0.9263044809074132,-0.07667653538626153,-0.511424287280589,0.3690363697686495,0.48264681078982724,-0.08699324831794365,0.435562981283315,0.7998737698525578,0.2239858153350234,-0.06589679112151539,0.38076047360143506,0.3404158856166271,0.6419062097827606,-0.14628621521154783,-0.1672896192845979,0
-1.779490741000929,-0.6444994688300288,-0.5664406952562968,0.18485234451896448,0.38694564855608843,-0.6560479577846888,0.24337324604823796,0.7185439520390557,-0.3118116645854997,-0.15392842780980476,-0.9155947462683158,-0.5068693603008015,0.09229989618689984,0.8180472178861915,0.10482313575805222,-0.44519913750100154,-0.603117329410202,-0.3811519085464466,0.07070389695083194,0.03167507265631859,1
-0.6960941685768945,-0.13337047424106852,0.5859527804406784,0.4854110284563975,-0.12391565535313462,-0.1375488457142639,0.4424180846448367,0.47577902032252645,-0.5411498489490038,-0.09135336081512706,-0.10048254943201161,-0.879032342196752,0.235249114844719,-0.2682064956432486,0.5976277440840092,-0.25327132029108823,0.5958031503543885,-0.13937687074338997,0.34899114100019335,0.2843432770810433,0
-0.9806208800442759,0.9841389097440728,-0.6095688455833207,-0.028050588062663535,-0.9117619070310589,0.2503719878883555,-0.7549902046567772,-0.1168038688826803,0.7648018812114831,0.777539751173701,-0.08314477260615324,-0.08071754300102407,0.0979887184454136,-0.5989305954791232,0.2137322108810732,-0.19504368152603313,-0.0856572764830504,0.19484646860654162,0.002487474698120622,0.08580566359516925,0
-1.4565848276628917,1.0932744751427208,-0.22375307580062787,0.4512107388897437,-0.044315225877916274,-0.1381566689866581,-0.0014422204783168379,-0.05789149553843082,0.5271567073644818,-0.40117726014001115,-0.4577616980357952,-0.8288551056454059,-0.013091796821099703,0.5104483605864667,0.4053535044796855,0.2693491994402909,0.20041155569194008,-0.15490615863961743,-0.1147624950187404,-0.0005832207105603767,0
0.27275253412586203,-1.1521486531891814,-0.15625264385072965,-0.9204810500946163,-0.1657564433780001,-1.5778942095341757,0.3871365598031622,0.054935978985681685,0.6351666236281917,-0.6381335308436974,0.26970716135301237,-0.21971693576800364,0.1215804418326022,-0.0008736385239949023,0.058700172070557825,0.5836185731748936,0.08102563913835166,-0.45112432268233493,-0.45160475150613516,-0.02633769512582565,0
0.2653782863070149,1.5828618087058242,0.8225036808258445,0.22262047341561866,-0.4928045253583785,-0.49376646286838005,-0.25697686654255625,-0.6237891080898834,-0.028599833330123014,0.3595441459447896,-0.48378668105438993,0.046213845171261245,0.10439127042886469,0.032638944593424764,-0.6008208606641244,-0.13420277611810763,-0.19277704596012002,-0.7080137748412001,0.4448748000881471,-0.022059819331799183,0
0.13109333209486604,0.8375103230627449,-0.4661491911684698,0.00916189540498153,-0.1485391043052525,-1.3302121183708044,-0.22734268375741964,-0.46135960828423506,0.15225684517702004,-0.4984980409635794,0.1379459991916528,0.15973062127718576,-1.1555423695564149,0.7327730172206744,0.11573622594622669,0.40021293210276665,0.19979911815927182,0.033115102096589986,-0.29304821011313387,-0.2910009325666219,1
0.9055210866253266,-0.7388062179586403,0.6121511268896462,1.0567729777240966,2.2265116282883977,-1.2317370360729996,-0.18911650934756227,0.5473190976482782,0.32835627806673107,0.4936818663045621,-0.26476694146488255,0.334135504189077,-0.07852830412182855,-0.10358023928809014,-0.06372063240324345,-0.26886463228386576,-0.14080359663789996,0.3500206185313568,-0.1539988867690893,0.16922566372611503,1
1.8754274288183395,-1.7317849212306236,-0.15398430009271974,0.11667548717093364,0.8000534221849936,0.030884478580637427,0.4327495563417508,0.05452056170359696,0.40771935772440704,-0.527281852293646,-0.11129317130849892,-0.03912601696098476,0.3898815606529644,0.11328449622635531,-0.3064543717691826,-0.3243801268798741,0.020337013964467326,-0.7062501182021639,-0.3726484313991769,0.021701077247139194,1
-1.1449228973315797,-0.674971253463044,-0.10662354090496087,0.3836087983766014,-0.219962316728423,-0.7050919340822797,-1.0961774737355787,-0.15539600703632775,0.175230095260353,0.08737567109681199,0.8558918052013024,0.4305558260124317,-0.21524630634000025,-0.4033944615135302,0.4790859026965871,-0.07558186198517318,-0.08741982079518106,-0.12020642356481122,-0.05501193758776051,-0.2556249314453648,0
-0.6338680611985674,2.4473350265579996,-0.525748331830257,-0.7699860799117422,0.04153868184211394,-1.195336904140675,-0.24426035996257572,-0.2584339076882995,0.3598862698170257,0.25244255438395996,-0.017149270814708704,0.351513143966133,0.09206822140430553,-0.4706062370372367,-0.32447802000772513,-0.1814394267649025,-0.04972862883817889,0.11735836546126951,-0.09613463660770857,0.02751191251993755,0
1.8450806306649827,-0.9738730429617609,1.2357469387323188,0.14218607750232867,-1.2477684013095807,-1.055653122123941,-0.8447094134534068,0.40286016039162836,-0.45215678158435674,0.17799193118041712,-0.47747456422515605,-1.238736327132442,-0.15769812730290558,-0.1264700505700399,-0.34247989706068077,-0.678010775648505,-0.31575991129404846,-0.05253421071598818,-0.042956046357067505,-6.7504406346995e-05,0
-1.0933668330444186,0.3690638963894572,0.5804686474801737,1.713207258056802,-0.17498789041093635,0.38636623428102773,0.2948933455977185,0.11312867052815084,-0.845611575248955,0.3336321531787821,0.020076613927463006,-0.31893511189832663,-0.632131163429892,-0.4277162458115678,0.1016767651172403,-0.04737605771277638,0.5333268181565204,0.3656658032726415,0.03534554122663697,-0.3036912644257575,0
-0.372957099619858,-2.846474217007477,-1.2996408839670544,0.44225984534575835,-1.1932804881000028,0.3911510696315019,0.23303563452828321,-0.5282419277741193,-0.13215050642095294,-0.26782557679242164,0.06575742382000428,0.7963873341189495,-0.08000922365422171,0.30429409727113915,-0.5833073598966659,-0.12914400790210392,-0.3359907011180469,0.5462048793893223,-0.1479579427624485,-0.3964859656754115,1
1.4504740779080447,0.014307854458602977,1.0808012429039948,-0.622627547065148,1.3776677927509924,-0.5666914751200309,-0.25998800762156404,-0.1077571406370897,0.05635321027735702,0.8317621404883065,0.20220566914131355,-0.6661655726860716,-0.10002551734739937,-0.24187278195163178,0.20185771563999466,-0.37311578462123846,-0.32787007851491845,-0.10014125060997252,-0.09161735868158392,0.08964522055447638,0
0.6334641064751255,-0.6829649473213806,-0.10798828932405671,-0.5900719817172767,1.807422489347015,-0.15374475116232791,0.9570284527335572,0.5197641389461144,-0.06664724055462412,-0.6336940310734306,-0.3183043263349977,-0.1889544863758519,0.16959218218660063,-0.6052293327184418,-0.294641634408964,0.18315789609398028,-0.5033772941511816,-0.18012834922357193,0.3493076158585557,0.11172413398686841,1
0.2578277643460118,2.399359412489208,0.41326121317590275,-0.7348153395704182,-0.5234624807698529,-0.6375572511406216,-0.3981651724521853,0.1009442419425637,0.12498379166465692,-0.08867719057585097,-0.5212348957829797,0.5343680496868808,-0.36068343924991436,-0.320993584294071,0.043738687626901966,0.18357294139671623,0.5111511625271503,0.4210631056026019,-0.33276319528497245,-0.21071264065597337,1
-0.1904630080321076,-0.07582057390523139,0.8123873476942446,-0.4991745060263797,-0.01158051265598569,-0.5088854710446074,1.3470762209084444,0.6837097303127557,0.004802379298480994,-0.3925536887991404,0.4185226884796364,0.05797506762251038,0.044812190366329115,0.1649072427342115,-0.011274864419095192,-0.5667108961437448,0.35654527023877636,-0.15827221189653226,0.327720198829135,-0.12071880210168569,0
-2.0711849819007764,-0.07971841568747241,0.32557903537134564,0.5625057695680151,0.06349406491738449,0.13852691670862483,-0.3672766713761404,0.8994853912341426,-0.6963953982863214,-0.4014516886919316,-0.2889535083661817,0.07305704331664474,0.44977667844458474,-0.3472625488000749,-0.5136945135681154,0.1974954970220334,-0.039897035260334036,-0.314733298385485,-0.873629439392214,-0.1506577408712951,0
-2.1499107800602197,0.14017335411745843,0.6369023338219056,0.7151508224896103,0.18150989477114463,0.5599703133734214,0.8808305464470639,-0.04077095624378402,-0.37562428683590365,0.6276248528121297,0.03767677734276316,-0.25936844962939654,-0.0717758825949376,-0.31212661931319147,0.03156240576036326,-0.15778589881855692,0.47231827380997626,0.006689220911146469,0.2040638155732387,-0.05891815498063953,0
-0.19173701715526992,-2.5709052338656493,-0.970804340692185,1.1880198959217447,-0.9029970983885065,0.021923199983034963,0.601657382323332,0.2289209615212559,0.8394358703433017,-0.44817573646062137,0.2036482908240705,-0.3151537026529132,0.06977267724175562,-0.2943509874797603,0.2879226229424727,-0.028250754641683775,-0.07682578540034829,-0.11784764101577613,0.05803917751485616,0.1077576016959958,1
1.7498756308948702,0.3724075541254172,-0.2382345159294163,-0.42263370759524377,-1.1965220658239042,1.2039119726215397,0.34880072656179306,-0.14533059804357132,0.2654748045488232,-0.08030688967910765,0.033964441664839,-0.40046077567193655,0.7047221893990804,0.47511310735568707,-0.8897778423920204,0.35881288672646366,0.6637181840172678,-0.10158167919686509,-0.3829145211828248,-0.26589432921104933,1
1.1750818932849798,1.2073214172392157,-1.683431338877179,0.49602199261776386,-0.6408967911967494,0.8400789307715445,0.09549442223698913,0.20023087611314763,-0.35924243585505244,-0.3050072741924315,-0.31147495735380326,0.6188380906455438,-0.29143881386304593,-0.047748116621710975,0.4248984500295545,-0.15209668423586256,0.02380087058566898,-0.5745936344639332,-0.3627897013031733,-0.3492317204792468,1
0.7302356424987659,0.23184090797452458,1.1014256723573383,-0.29064938775622523,-0.8643648633523899,-0.2745303565135391,0.187808814398071,1.3402393610684131,0.4296250528007961,0.11179774500983877,0.3184214921072942,-0.09516656313952049,0.052755973683545974,-0.3286480650162671,-0.5124428962234426,0.8563806534204121,-0.002393665220440946,-0.27176097428854157,-0.12478674450081215,0.09367178847256033,0
2.6100367547524796,-0.8256833136563371,0.6892926195619711,-0.9620047669720132,0.7358473849324091,1.5716300141092563,-0.34148096608331396,-0.021651553570316704,-0.5793403323197439,0.559849943858812,0.5857368387850952,0.1370293951536274,0.10565662451009403,0.3840383975651026,-0.06807601228031211,-1.0314510432808397,-0.40060566620567545,0.26138578616907043,0.095564836134404,-0.4357008187201386,1
-1.6346165687548386,-0.637416941906278,0.7376614711388005,1.4821539967471995,0.21064788067291298,-0.005308085187251801,0.8172705863442795,0.023310993680944546,0.6985075604183733,-0.7555190623265524,-0.2270678734511567,0.11262304686134351,0.4078173055812674,-0.018144194523499576,-0.5059963071261574,-0.12246879685199366,-0.35636725220546883,0.13463533288960003,-0.39003069460091544,0.24915861469904185,0
1.6327777385073154,2.2071381321379806,1.3599578114426145,-0.7061782632382201,0.764186844500323,0.4539695236838009,-0.9837570185245557,-0.7820141252584808,-0.644149372447967,-0.14980559984767472,-0.42800637907648204,-0.20778004943850487,-0.3203144138690937,0.5935003729964718,0.3314675406659365,-0.45107444702341376,-0.26777339109405945,-0.48488149682499426,-0.6033810726161174,0.18107811036307314,0
0.05391956778567821,-0.22284038895300926,1.8769191578002087,0.1915496748300059,-0.27345314384747527,-0.7058811679910414,-0.6642985885337324,0.3047506499124456,0.36464856528146755,-0.6770923409862147,-0.36873998525807805,0.04980523483105173,0.016289400628366976,-0.392185861082173,-0.294051088554281,0.34478340197855006,0.2796578627099153,0.1549791102176279,0.3838073836785138,-0.09660572909223286,0
-0.10994411573120097,2.333659425732119,-0.1821278877473717,-0.6898921570538458,-0.1528374475031221,-0.7786496630453444,0.6110197243120151,-0.8299996454886401,-0.1121218946770954,0.1094816786809824,0.016665151097627045,-0.11129849720965854,0.0012826782498245358,-0.5219348697977643,-0.0681573919217718,-0.3644188151162798,0.1974317236701578,-0.10632579653416345,0.20824814185887033,-0.09040701524477959,1
0.2855842621829909,-0.948593333145799,-0.21670158012695293,0.19240099513857345,1.3483070669002393,-1.7276070293816257,0.013229693929638086,1.147398432391821,0.4857093794752948,-0.29605110507170135,0.3786093584118883,0.25336156958343525,0.03979697854708587,0.1528175677394353,-0.1641564003567276,-0.231509376471035,0.07020836510133789,0.042998777299849855,0.0017031866571119562,0.03490932381870587,1
-1.1438235494545093,-1.788725116192915,-0.37112933315772734,-0.9248829627284602,-0.8906081007117271,0.14460881012593632,-1.3439614057495717,-0.0273227419414802,-0.15913693894466613,0.1937758869239332,-0.7742032738245697,0.4872114085107957,-0.26390746796954495,-0.1948386772133467,0.21214969080147528,0.1580352504631148,0.024817942610663432,-0.03256816293158268,0.09933336744822624,0.05568310284853363,0
0.7449148537859409,-0.7190657546651628,-0.028747574692153787,1.7247270281760052,-0.9757676407583235,0.0661636634895253,0.6035707469880592,1.146650577691362,0.20664641180129165,0.22381967994670335,0.28850638379617544,-0.7070271073491237,-0.19447707029485586,0.03673203809622539,0.4800807116826429,-0.43117839117866075,0.3946230093759028,0.0055272221445303036,0.4468217952806282,-0.050868320876099125,1
1.2949637392715707,3.3846358440706967,-0.3009538284736896,-0.35288940005338887,0.10958765456457825,-0.6112269009578963,-1.0825313044851228,0.5311506942782642,0.13078504391351517,-0.7305406139084664,-0.12071698377456111,-0.16781318853264868,-0.025056864196412433,-0.6381494345676377,-0.40123153895051095,-0.03252401755527476,-0.1424986160334725,0.025540115086684096,0.4949674917045642,-0.08310638314626168,0
-0.8939230822432347,-0.9628544676944025,0.607730155315487,0.14675626660896843,-0.45671248309814405,-0.12813486552512335,-1.2429798403505963,0.2799848407050561,-0.372495716409947,-0.3347677641396316,-0.7780585549836244,0.08121603086842671,0.8843519095079848,0.07913053293748239,-0.20919132990680012,0.8397634382236144,-0.1862643483211367,-0.0057076257718373345,0.8345082549940499,-0.4689009701013768,0
-2.5119307855567823,-0.6914832823918797,-0.644186846068053,-0.4079857069771993,1.0031591131291426,0.31344297628576084,-0.369023206093161,-0.4855273157650638,0.6029181022649678,-0.3137425308742283,0.23599425949247085,-0.9640848948595009,0.05491754396163882,0.1780204226427991,-0.006573460532145776,-0.2753099057116107,-0.5817924493092124,-0.10598936415750262,0.026828207498369665,0.13433623201961636,0
0.05173536216995664,-1.271640077219419,0.6597963628219469,-1.5465949647248332,-0.4248530329668697,-0.474642059410112,0.3023219219115906,-0.5779022340683858,-0.7640422076892583,-0.49718874174847055,-0.9069926993795496,0.7577220630292644,-0.2672944210783727,-0.030659912297394544,0.46136237598282165,-0.6783834613790868,0.1676878532147709,-0.028772341059428972,0.08792480813804696,-0.01512302200729209,0
-1.0627801334929463,0.7324919938901937,-1.8616047984259219,-0.13210432820814316,0.23213038470662398,0.8462889736357937,0.026265504730141144,-0.660482159113444,-0.3489603677387988,0.4462594513701832,-0.5563614859158272,-0.014989764715091084,0.5319195043775385,0.2594531405580449,-0.21165851289762477,0.006234520469431497,0.5188209833424728,0.1864250471272257,0.2165721405867311,-0.4204125548220501,1
-2.6025156443268544,0.23360484977185084,0.573094938338401,0.42380887445341847,0.5004293640838744,0.026355057574680353,0.2918731501653223,-0.5439500468430535,0.27078185623720935,0.18029211780258467,-0.23022450863408966,-0.19945599951606652,-0.19860549269785427,0.5237422075540151,0.36352637171223756,0.23365954957458887,-0.04071958144309861,-0.1728510549534097,-0.1204141219850976,0.031049382525503978,0
0.9453897038758248,-0.051791759323365716,-0.10644244527303197,-0.25296279369195035,0.423057123711158,-0.1986403460193616,1.2205163084437154,0.32213886076387854,-0.17837292027726612,0.3443499279812828,-0.3693187233304359,0.04362771266427973,-0.29650823421208305,-0.5110420920716853,-0.022450089410597302,-0.03735417523339383,-0.31711604893202383,0.28413273400790073,-0.3277423938553201,0.05501662449574218,1
1.607307262879401,-0.7960367222104293,-1.923115704612763,0.6513039971031853,-0.818915107444014,0.513927894569031,0.14685504053459003,-0.08929047475163954,0.11572869537069215,0.3789661730597113,-0.2893620453293579,0.16462041737614325,0.4807071060734572,0.3507870512773071,0.4882221818997099,0.2153128584837134,-0.08489958102308023,-0.0575740108779598,-0.13184179369101315,-0.28988949087195137,1
-0.6921500511262063,-0.21309240064244342,0.36158999416921966,0.40926494051770484,0.49467050462917334,0.6167829692470872,-0.16332043995032294,0.8798590661542106,-0.20773404340493246,0.8697984047953936,0.21768561240107184,0.884509222660039,0.8173021491500237,0.819340676117757,0.17315909289326115,-0.25006507243685255,-0.0363166981390669,-0.05073180316528895,-0.0475528364068327,-0.31957806112053955,1
-2.3739547101189773,-1.3596170111146975,-0.48800011635119644,-0.12255525277405992,0.08435245897173038,0.3903999170639132,0.8507198447843309,-0.4905559039920028,0.3321901553641289,0.09102000118901127,-0.3724354198279194,0.37034003625004375,-0.06254951403123199,-0.31782163573242533,0.4019591823571657,-0.40679121003037805,0.07009379599105647,0.23009467560008726,0.42888542260574514,-0.0646664273746479,1
-0.4993223839165324,0.8759929663863361,-0.6148859394708613,-0.11140970072271672,0.3323228285076113,0.10511113292825991,-0.6857096751674872,0.033471209245286675,0.6347636443914177,0.652829933659067,-0.7160950763673041,0.04692457547252352,0.09888983697237559,-0.41602875668320993,0.46102795488308784,0.3372031546946753,0.3388538904209233,0.17937144579102623,-0.14178790995519225,0.024389413585912643,0
0.016585831969854335,-1.4144908113306378,-0.5030679050504412,-0.027567799106183972,-0.3940804666756584,0.7359965450503712,-0.7728464068014699,0.013719139429419913,-0.17592657689753027,-0.4094553049170536,-0.518580304841564,-0.5463077577869249,0.6755909433333456,0.19153886577211326,-0.014439309446402648,0.3847712680026345,-0.18940760745108123,0.21642549246203405,-0.5129273552006179,-0.33897325801392936,0
0.14964615867818645,0.8621266315967077,-1.1757267401893121,0.704393275103292,-1.0693015934520136,0.2732746581837968,0.26972171727396094,-0.24870190516941032,-0.12247572210934438,-0.4106815992908742,0.5315083588016813,0.44149498340835813,-0.3458853768529167,-0.604283007535098,0.6462155286518201,-0.21327596105966826,-0.4941039619755027,-0.17090538930902083,-0.15458077103658152,-0.2216066679910524,1
-1.2906901821587367,-0.9309480278575649,1.0357004306123172,1.064041144371113,-0.4353165714185815,0.03847318701315961,-0.822503124778799,-0.458000536762834,0.08951075506049154,0.18735877439944268,0.04761282252911904,0.13453076430076746,0.17299436007155786,-0.9834606938982283,0.168983835230815,0.2551070997996354,-0.6722459547915104,0.17121687267248578,-0.6561445048190513,0.07767986179997546,0
2.049004692244774,-1.5312834276997598,-0.40372396804721583,0.08207430782882791,1.6400104313327537,0.5400163057374366,0.4994816746882499,-0.3268695424173723,0.780441676091483,0.041406873841231755,0.2400133408614759,0.24159873990695543,-0.251062053429622,-0.2191276783959287,0.01809867529557857,-0.050242577288709636,-0.1380558650276424,-0.09179762340537223,-0.32957457723989003,0.1416043061867298,1
-1.0059277456943898,1.9519716804061753,0.029843497667760854,-0.00014462917453492787,-0.4010631973616607,0.00021082968569104544,-1.053185341894585,0.20156354091821807,-0.21118885690265757,-0.5806557315155588,0.11762385943891364,-0.06175015241188795,0.8146517880111145,-0.3918746484979469,0.2250151755303212,0.4649677411574676,-0.205560339470904,0.38523520698544855,0.6007700863336461,-0.39308481061679507,0
0.39577443391711575,-2.0374540098521043,-0.7807006112059317,-0.36360037759498565,-0.38422664005334106,0.6726003436988893,0.09280437755710694,-0.0963727225927044,0.3821276980902982,0.5160404297498415,-0.2703837832944997,0.29887342356777197,-0.04111150967246059,0.23361328582230986,0.6332424786568973,-0.61998318727624,0.22118997799764806,-0.5870005138973373,0.33463570481246996,-0.21442354935787072,1
2.5798632022633967,0.24188448923344483,-0.42500912102515137,1.1041269042970605,0.7305604327197496,0.02922640767285064,0.6180489031033252,-0.3887435522865388,0.375118692788428,0.008191291475881494,0.23956179164037347,0.3235767609466712,0.3185359788704554,0.2440253919986648,0.10895881935497297,0.34131616730255127,0.010628651945753046,0.36472571298848894,-0.2532137444092223,-0.13626861645122149,1
0.6216831482843193,-1.2953604078627605,1.3370955050455224,0.8166655402744596,-0.1255189470906182,-1.6081576460707048,-0.8623954775108901,-0.16222098449505143,0.0673840805281288,-0.2334738733636757,0.34858620158923087,0.6208245792268507,-0.5185140297931055,0.017935939170050434,0.3061242162833214,0.2310499427854111,0.5662624010470005,0.15678560869859245,-0.2628307237092371,0.17299895328824316,1
-0.5646761223786448,-0.16406730440419554,1.2000507750128595,1.0028038563268529,-0.21397304438154158,-0.17007636841380658,-0.5151062953174157,1.2760612114505956,-0.486770473224047,-0.23355176615630616,-0.6097172079960822,0.20193486561027613,0.425538668606436,0.07390313993651816,0.28545194374013133,-0.5955555958993416,0.027927860220699922,-0.18779749927429842,-0.18470111395349764,-0.2279889682262217,0
2.4504787067494402,1.1711476574321389,0.49301543990994884,2.3503878698675065,-1.027005986100521,-0.7696493862347576,0.8868319843296013,-0.20016991609129733,0.3348410684674493,0.13032861833047002,-0.887067014969567,-0.15168329009522885,-0.08640005807224352,-0.36002924230857913,0.03474651943233619,-0.012759549656728835,-0.08391750188490349,0.24395739614036996,-0.16075907084748134,0.25596437682077877,1
0.13649418213006212,-1.1314908948238134,0.37966781922071735,2.4177352646395454,-0.5226902263082583,-0.719259448699681,-0.8059621307537107,1.2029072597515438,0.19446299365312417,0.5140188815006189,0.19791493778708702,-0.48653163933381954,0.33799053237200744,0.37380664540750924,-0.3031515787582513,-0.20491461906971176,0.5432775676644477,-0.618809853550117,-0.08643103638863245,-0.0032120486632190083,1
0.7458402233011531,1.3955309805723444,1.212973145931311,-0.39729509394897466,-0.891672133380478,-0.5592164861946445,-0.6690216224380411,0.07688464495102756,0.3967802792706001,0.11171974196421298,-0.42593601017104715,-0.2673194013935249,0.8225638236326368,-0.1228259176080125,-0.3786758076494997,-0.5384694366379789,0.18735544277899577,-0.47292830873160085,-0.29384276989796626,-0.0008478711244081897,0
0.8540217194721088,0.4774214422978934,0.21904032579697777,-1.359311900579874,1.6287245626634155,0.11376081556710534,0.9185922053998575,0.8786479228919241,-0.14908260596701614,-0.42088120371595245,0.2851582285135862,0.05386934822649097,-0.08078551543529415,-0.06552587050519948,0.09070575987367721,0.0025941329097737024,0.18396196890144462,-0.3975242374322178,0.7216015794195605,-0.21097300334135544,1
2.672119114680293,-0.6673635397032471,-1.69860586659236,-0.8487641420518285,-0.20751481492015922,0.6353766321120411,0.2423408293144107,-0.27163442428725926,0.35954156728371167,0.29264748222392917,-0.30954391639106993,0.41028273656560077,0.28565591911047095,0.420509427920839,-0.19407770495824428,-0.0009654824383189285,-0.14450101602748266,0.21114587518009534,-0.21073573859287653,-0.2646526031603674,1
0.5936350995764331,0.0926628745704094,-0.4807363608894148,-1.5245000853352446,1.7191481954452248,-0.3218300908758554,0.5412293003077164,-0.21018101270246348,-0.6562377319926569,0.6193492535578741,0.0028645618972809235,-0.36919912616384104,0.08553037716320437,-0.013505033563127393,-0.10847349719048936,0.48218263343612566,0.5104405522209277,0.6689686886954239,0.10877960913345171,-0.4104051903840342,1
-2.161648958108326,-0.7440399608282824,-0.49100828350996256,-0.25024522690696965,1.1572488708917696,0.45763689717876527,0.39573514177740443,-0.5123186990611921,-0.04334320289790205,-0.3929647202562256,0.09284807115784847,-0.46402965364276155,0.9360230561383517,-0.012293242257550343,0.09178118360461893,0.15779494369808789,0.49581842919072655,0.4096358119183883,0.3633943344112828,-0.3314888550518542,1
1.0920707267510619,2.89156673862006,0.8002315064463484,0.02160953417811839,-0.8647069897298689,-0.7019950328774067,-0.3875514119130543,-0.01884686481875218,0.5510559908787419,0.6232030739985788,-0.124331485334565,0.02211864168992153,0.18292342317059876,-0.38393688708885304,-0.03198609801235288,-0.3111211666114898,0.051212065660658126,0.05362039711922291,-0.09732770436492168,0.11060960225507652,0
1.6475842235047324,-0.6616373672970762,-0.6325839749757343,0.5305528841208955,0.43943658101654354,-0.9339127359887853,1.0045868977187407,0.8727788022924678,0.03601761534819006,-0.36151375218731746,0.32854971665548277,-0.3561800519324374,-0.17803384818846563,-0.21270512907126113,-0.12864499591049822,0.03307390026542329,-0.050938540477681676,-0.06826398101107548,-0.23967208992642455,0.02336758799233311,1
0.261184618986478,1.1955539508023618,-0.6861867824500052,0.7477604657024329,-0.23892037865547988,0.3060053180119023,-1.2729391896098987,-0.06717950182449571,0.374754884015039,0.9150037722682496,-0.3987953347734446,-0.093269997153372,0.3786158026638363,-0.23956224762038322,-0.045263870701099614,-0.4785118436891428,-0.04191288814736431,-0.40522862536986226,-0.15965709461902092,0.01008977090809999,0
-1.8591681151249775,0.5957400007803346,0.26628031545724823,0.2785613163577685,0.1342236364222416,0.049498485182249106,0.03451109700562719,0.76361180122465,-0.45958099722708873,-0.5317195357300453,0.5897040213525632,-0.5403104930483719,-0.6712412786212584,0.6627103737233376,0.3000102060389522,0.3206736571954739,0.1759149473516984,-0.13185843571682515,-0.30778687415006994,-0.3288042231639997,0
1.3746561697745057,0.4255607275986147,0.207636619174851,-0.1971280681098443,-1.7419885952035605,0.6480363527373328,0.6491163847656616,0.15326147052882827,0.43334843855393895,-0.8898390472071693,-0.6868229155316785,-0.18102276663585976,-0.2546464860314013,-0.555477849395308,-0.07478924061492066,-0.23110543743305798,-0.002542697629714084,0.5716902743003711,-0.2899708017365038,-0.027348668725029494,1
-0.5777306425338643,-2.0408547709406273,-1.550780456930876,1.2345031941083864,-0.1253070203059183,-1.0131940648793272,0.3372712381727811,-0.2200685982847737,0.1257173597208516,-0.5019549361201845,0.6103724327462898,-0.5550973109948449,0.6729925734950739,-0.026235354735667227,0.13794528764302993,0.7400149361666621,0.202567558661099,0.084019731801969,0.053783590581215936,-0.23601476038995572,0
-0.4332066157911176,0.642209407119327,-0.5229711916754108,-0.12903900569991436,-1.0209801729923926,0.37126639336946726,-0.275330092052904,-0.22439122678388093,-0.02727245778158902,-0.6537068040988294,0.7268291009494824,-0.4956605255595122,-0.11717000946475166,-0.4662761911129945,0.5010482693581628,-0.2980610501082771,0.41231043973869813,-0.23693563904219864,0.21268813579052456,-0.3792484028606061,0
-1.7558000221899221,2.1844550557173403,-0.3087066841518716,0.9978212546560529,-0.10195890704540435,0.22421451188695876,-0.06855927854823378,-0.21146085938769404,0.2578320301810631,0.3697039745622251,0.002643737871530192,0.6347479231520664,0.5886501381964327,0.3436261729956912,-0.8095694204830366,0.32682453392482236,0.5757119875174523,1.0044580255633138,0.0009823122900732024,0.719171019479415,0
2.043373038688029,1.356280638807396,2.0496132739090913,0.7315572079758196,-1.2689517001487904,0.08471101500590683,-0.2572778644766699,0.34599114759860916,-0.20743438866306094,-0.18633248372545314,-0.2829325392965413,1.4746611300520154,0.615018210674127,0.49146796313684765,-0.1403270110710254,0.962263209338989,-0.44637557739287725,-0.3338445816493653,0.0506113426322997,-0.45395662219383953,1
-1.3504591653809481,1.9486600265113618,-0.9617167838224583,0.03275618389160416,0.03991503415003189,-0.4154700403352912,0.09129928833572763,-0.2650014174778041,0.25836216915138976,0.1458740304028312,-0.5447240193521989,-0.3279558227176967,-0.3994192115702211,0.47290234282786664,0.6015719066895817,0.37073059497698513,0.05385343554445304,-0.14970019629904074,-0.08299127645235159,-0.04148230494535431,0
-2.259325533241109,0.404725729536489,0.8581105663272564,0.5375649109554704,0.23728383188183153,0.18032918403343925,0.0018037408471903332,0.9656713913785334,0.1948985019487574,0.19933365289609095,0.010582925155288294,-0.31379840642086465,0.4764118969751326,-0.2265558893135121,-0.1442648508987839,-0.050946426681398246,0.3788717312541722,0.0698848747839646,-0.09218110395350361,0.05922291283670572,0
-1.4046711876169766,0.576434293624961,0.23742305669972838,0.19441491555801363,-0.559450670933091,0.5370257620444625,-0.6664120434344797,0.8085204172253063,-0.6945795926411832,0.7054901307202531,-0.4915511541739343,0.26175892764644865,-0.27638384690032297,-0.15186474317125453,-0.20232379214368348,-0.0865993836362776,0.3003821076762713,0.08858302398320635,-0.42152570765898933,-0.29644313532872807,0
-0.6989013873621681,-0.8241035544637441,0.051144340734928316,-1.0059492099912484,-1.4626858324201766,0.58980719785896,-1.5565277385421181,0.2982475263286016,-0.07207758453096802,-0.18682373361091575,-0.3252481528462147,-0.3129790526991005,0.29487072467055386,-0.39585041675651644,0.2098448821346965,-0.7234065406810672,-0.12263618236322472,-0.07260608515161904,-0.05950953826022553,0.2246646522557514,0
-1.1675183789514165,0.13480910366179724,0.5517957327041538,-0.17149006469989314,-0.341525937349963,0.30339357015451784,0.32400188494583476,-0.17932977915439627,-0.8372470250227609,0.9241260241499818,-0.02119776121417563,-0.4369987040872974,0.35025104209364083,-0.3308851243205652,0.1380334668462579,-0.7035678703508526,-0.03573854211392515,-0.6988079740619746,0.17306029073971174,-0.13425155054252053,0
-1.084702618656735,0.5178330352880328,-0.07669507670785802,-0.0507928262929339,-0.4257580363296342,-0.1575192498609651,-0.46675881500599353,0.5947425935697555,0.04023887458621311,1.1674800535548115,0.19913582635834873,-0.30734272530103746,-0.016792870740371037,-0.6316199602565792,0.22716356539791135,-0.18396022289229053,-0.26451485457328083,0.20125568084367773,-0.041642266436468955,0.03842546899108997,0
0.4980432282679619,1.3111083936898258,-0.5753293091878566,-1.1646373921606994,-0.3857568102191499,-0.9740049238167214,0.7420155823654084,-0.42520262732601627,0.16595514959120608,0.02742545507927396,0.1309123060140579,0.2420633315202592,-0.33128299046224796,-0.041797380731891,0.28554618489584904,0.171537315366355,0.8326910688706084,-0.3024652541807032,0.14754915498922783,-0.27946818736467405,0
3.6363764755905703,-2.4770977610332694,1.310928908239784,2.6746114720892153,1.825947814180747,-0.6400255010938716,-1.2481501506340462,-1.2212722157435563,-0.8065410801947259,-0.008316643872929278,-0.31386300270334927,-0.18449224279391568,0.41708616254050096,0.2017291237222909,0.20695163062400113,-0.8627098008458285,-0.4564021231483108,0.4227139148704857,0.1814961966697683,0.10608315343356055,1
1.5027081437492689,-0.6778832120767869,0.2560517224541587,-0.4766060497284299,2.126371864829489,0.11008935748171814,-0.30057132176182505,0.8193687120854614,0.7213955900753688,0.6379295461710027,0.3442649619267294,0.603557112898536,-0.2441052154366542,0.15450796363877814,0.05870085143927838,-0.35035755244197014,-0.03789574909186352,0.1215511983707942,-0.18984542792468914,0.05065434224547069,0
-2.6486109752273355,-1.481501474595743,0.047276721665719584,-0.1079725332104288,0.41178611413673843,-0.5541812643224056,-0.5310199546912787,-0.4832010197959991,0.565506870147522,0.4035509972722347,0.9391306678475628,0.5318795068169466,0.24213448244321445,-0.32584759594393814,0.26900706054693263,0.009867432268221116,-0.06833247837859556,-0.33136381427578,-0.06713010227789279,-0.09008973603991702,0
-0.587067411790463,1.1456018411595135,1.245240673171921,-1.0129244775128439,0.05094403925665022,-0.8992630197444841,-0.37255768933157124,0.6903029746968583,-0.4752716276981425,-0.2709766598517642,0.3200437875783518,-0.2479591748021526,0.04044444040390368,-0.6196388528583864,-0.2361694991120823,-0.23519297450951038,-0.07425662075989722,0.3310604138279173,-0.33736451369832643,-0.19153712366003606,0
-0.7015197955444388,0.3708126248265973,-0.40381285501078407,-0.07361407949772539,0.5949561297458763,0.8167409349625565,1.1978755072813043,0.4714058642324609,-0.3875801220472761,0.413278570796066,-0.27717405672282147,0.06790886987644533,-0.017981683545194457,-0.5951477418930796,0.5165528603638915,0.07815744889522706,-0.2976125668238159,0.03213576830685329,-0.3085886071871596,-0.0168381800758188,1
0.5880620769374384,-0.9929490799426279,-0.8356429910183397,-0.8654567791404124,0.47203197877993996,-0.415623009043447,1.0343102879045893,0.2889364695748054,-0.3806368865291475,0.1863611644716989,-0.012897403924866959,0.5918577332875682,-0.1329343749260615,0.07273034682866016,-0.3359622693017749,-0.2787283589745061,-0.2579064311942139,-0.5984590419629358,-0.3390718337809697,-0.1068287220635979,1
2.019210321401253,0.09778396968115613,0.587982725199767,1.02025708249935,1.137759601531092,-0.08695497365234338,0.08482714904018747,-0.008586333660557811,-0.7780214600135213,0.1914704415573501,1.0517190992208691,0.06826861564820226,-0.1777396037558,0.13143720249418586,0.07259012749963108,-0.4825706939903249,-0.2793513499484241,0.6917082805801171,0.16733655119549387,-0.4201505250253111,1
-0.8625477451676149,-0.6387895908798278,0.42482674662151537,0.05468912661941678,0.48382735961240997,0.4817400171194552,-0.377949473154769,-0.6161580871528909,-0.06818785588983366,0.6153466411843228,-0.5578141136444129,-0.3480891862126713,0.5374459434085976,1.1431784857647047,0.3771315091426523,0.22573226971894048,-0.14224762652776937,-0.10858384194865384,-0.15064282745558144,-0.2439462785608858,0
-2.218135630920051,-0.03433838135673216,0.289932564152569,0.02661492855006378,0.38760910454878184,0.02825078812507312,0.15443672390070307,-0.328244330443195,-0.7407110247419162,-1.16531308597196,-0.0600536141585617,-0.17729424923054327,0.07606332212688102,-0.3945921999291549,0.5087861655177761,-0.1107085025348404,0.678515308064181,0.010099111169111288,0.1803329672156663,0.008687505550871982,0
-2.2691265790778705,0.6776316710315041,-0.6374518673428133,0.16735937087525782,0.5689743282838617,-0.15867638541407386,0.8879152726819165,0.09557938276404278,-0.6909815617830258,0.5021887947833652,-0.0189781034945939,-0.20295698378234264,-0.24304413682401674,-0.4117277606344614,0.11485708164436852,0.08991644544000509,0.4674918046471122,0.04745277738716649,0.1650881079955705,-0.2102606990444917,0
-2.979194949068071,-0.834150279180913,0.0742987338495549,0.30183492492812497,0.313784103482564,0.19689263598229007,0.31763464609322306,-0.30817726900141323,0.7398662814750243,-0.4517442199942502,-0.05197986573224992,-0.2801883824892317,0.04668916629416666,0.053386508276417284,-0.9223605247866189,-0.1815914062419595,0.33607522162293757,0.34892110192671666,0.0358814522003478,0.10691844231719369,0
0.10987952682088843,1.569811324790365,-0.4610978561340263,-0.8204535649983142,0.2716399612684209,0.06148257929788577,0.10783123722622917,-0.542217471624679,-0.11679557113263393,-0.3166130114762391,-0.24538937266671249,-0.5264838038723584,0.4962627940855326,-0.22203582850419704,-0.7498796816094189,-0.7822041706358908,0.29542491300012746,-0.5061032496469714,0.05652342271541049,-0.1157884874489914,0
0.8171537898022357,0.7855812565153621,-0.3598855911112823,-2.3785550761567844,0.021538872693422313,-0.6245972844762289,-1.1627834993192026,-0.23106227114271513,0.2616760212756203,-0.011615417705642263,-0.32775712066409424,0.2981365794892809,-0.4210921978863872,-0.903808137204659,0.22665168695684382,0.3271839653230526,-0.3450283368157117,0.18947912208970766,0.3382843999882581,-0.17785318523941646,0
0.4079657801969627,-1.9150580474548993,-0.6354063548964348,0.28661566020027346,1.6595554609630965,1.138948889590834,-1.6026752486099993,0.22113126686637205,0.15128500961136926,-0.04976359213375651,-0.06429973211299392,1.0211188825270534,-0.24466019343631004,0.29055319518027084,0.45214099831245735,-0.5309261234828804,0.048179383626919016,-0.17829539603322722,-0.2783618865083919,0.0919758296628571,1
-1.1219431868264456,1.2216349809707936,-1.530004118153323,-0.6272148891133925,-0.25033773453557073,-0.2929112212740264,0.08706742424717337,0.3909188880917187,0.20646953352202593,-0.5405011950265773,-1.113034511148519,-0.2525430509576705,0.1415424661138924,0.8447837416551011,0.4468347745477903,-0.32653808175441484,-0.2517428237321037,-0.4980434631086711,0.002627635801319039,-0.10066970950680969,0
-0.11771244259513067,-0.7477373377471158,1.236574922073956,-0.8136869844252894,0.49306869175472984,0.5503812520414422,1.075581541175781,-0.2726153015143265,-0.1126325188167325,-0.6334181819444554,-0.5854153751752139,0.26923827642192105,0.9354537264610845,-0.030223090147787766,-0.32396049137483873,-0.29682026152069463,0.10968230027837308,-0.5151603496441557,-0.43072460018540726,0.8285444110798565,1
-0.057336442687678325,-0.3585976392042901,0.5439481108007034,-0.8950762486264341,0.4465628703125404,-0.04391056522684891,-0.15323780166797263,1.2022289699697137,0.14539292571591816,-0.5466719773555991,0.5001008782357347,0.6118742022885126,-0.20386338126025486,0.15566773421021393,-0.22132286821864436,-0.3339360739092608,0.23448258098945046,0.44286493228304624,-0.10515930440672382,0.6696378850260888,1
1.9511943683226185,-0.8794838234679911,-0.9347898377977861,0.8263761258916553,0.5652616884257294,-1.3893712817515598,0.9283318474747276,0.46905775679235756,-0.11411544046718423,0.23969093990301946,0.2652423551212129,0.0650803581408622,-0.5661467398481845,-0.2428415220463541,0.0826430621058806,0.16782318387750844,-0.18452920254926722,-0.029928376105369532,-0.2473709291747824,-0.0038245742612569495,1
-1.1307387562625482,-1.239486752838267,-0.8796415197513698,0.5947004215921062,-0.4649343290824263,0.15956425286088075,0.8145206341164077,-0.2846262561160157,0.711735367693552,0.05499494644150801,0.3032144059782465,0.5624060152142852,-0.5086333249804045,0.10096637279614552,-0.32211537435283216,-0.6121581737448597,0.20302026417050864,0.2603172399025335,0.4989840442771922,-0.013942608210233019,1
1.238108131856458,1.4287752545289985,-0.07738099505404375,0.018119463371615227,-1.0145574581977537,-0.1713800366976852,0.9791996772378536,-0.5423423197270991,-0.049546427931577916,-0.009824320534892256,0.749129999237972,0.6414930890940512,0.6320100930075432,0.13244507195564378,-0.06288526088996077,0.30127775849663535,-0.5482797897444533,0.11767833297302772,0.2993458560888489,0.5978227969472532,1
0.7111941486700704,-0.3033349692125414,-0.2994493376403004,-0.39241423394064145,0.10228154690414216,0.22449457268634665,0.2612157719890894,0.22400289454597494,-0.9788137066413309,-0.02604998315655536,0.12913706572219882,0.40238689685225054,-0.7705081800666861,-0.26369563033384585,-1.0065572275940553,0.8360844801554472,-0.1999055817249982,-0.6726603065972292,0.20006900090775712,-0.39653186890741754,1
-2.1951204938319724,-0.4814109022144917,0.5362355275492073,-0.2924548806134226,0.5016610494354754,-0.3102389286041268,-0.05558906505792421,-0.590718828263867,-0.5112189895218059,-0.2951334338330582,0.686153674553883,0.5720778978583012,0.18469631096192224,0.5343660787128912,0.6132116557315723,0.8544938791942078,0.5472101671149003,0.1439980616025892,-0.05580393200779203,-0.684892152427883,0
0.8664842335329002,0.5738788615328336,-2.0861075595720218,2.32172060632784,-1.145503594869157,-0.13986691670158022,0.059400137765292155,-0.1877275877753283,-0.2627796504939593,0.17072053902736656,0.21444851328613096,0.28044320182801663,0.5011687897025368,0.10876070044951343,-0.2676609278184379,0.08218251737763461,-0.7839061694886383,-0.4079083478993116,0.7311540164516708,-0.16385587073711894,1
1.8185412513317578,-0.41867441808320766,-0.4228019857968155,-1.1555143743615475,-0.9953236907500966,0.17310852819900105,-0.9740201013174261,1.0099391669395574,0.014557023102235986,0.7559262881855847,0.17763657806349856,0.47092233697975777,-0.6928966289592438,-0.010700759964878919,-0.33921853891497283,-0.9495481352628465,-0.5602211593227939,0.27429644625599003,-0.13842397160876954,-0.1839024108988447,1
-1.4833959329793782,-0.9815266755068167,0.10595114134468422,0.07545842372842172,-1.1934176563222536,1.2199260244350496,-0.5819607647240217,-0.282444636505132,0.12995383892434845,0.2119344800945145,-0.006728219299520371,-0.025876521118048952,-0.8688854083810814,0.9850919525227039,-0.1908563182114675,0.06156236042749958,0.22839531245858447,-0.3637153566082265,-0.25269581534017393,-0.25116410505482734,0
-0.7746907211389791,0.07215784682481319,1.6553695632440113,-0.756518902864689,-0.19379652504425984,-0.21668035986130416,-0.6062949258475907,-0.12322064757271399,-0.22726543169767052,-0.05569102514301965,-0.7096155228038634,0.9325278542214639,-0.07700167741808447,-0.13482231195867897,-0.7288177694513945,0.5195638289812462,-0.025094316882372743,-0.41475009399390483,0.4476942187028952,-0.2823697330729056,0
-2.1028606055002035,-0.7282214895679349,0.7958293189553044,1.5794044763542825,0.18143225001356494,0.12882909661280265,0.05250603297752582,-1.27748467235573,-0.24323977777393135,-0.23437930305900065,0.5132477231314941,0.038307793687319805,-0.36266859934332424,-0.5850379345028104,-0.6842710980686656,-0.6072572129788171,0.028705634929739692,0.3891866480579144,0.13005317036787695,-0.11829116696195557,0
2.7125703719193544,0.84787450777744,-1.0870451186365562,-0.30771609712001186,1.183901724079571,0.9625887008739468,-0.4188745769389637,0.18035496300678874,-0.40760831635413,-1.3043217967630332,-1.0023068703222482,0.1704320470217372,-0.1315606444342477,-0.31625077757164455,-0.513995189496616,0.14731278371491466,-0.4343376482977842,-0.4226536811229022,0.41140751252264085,0.17479247380894833,1
2.272724982791107,-0.6973521434717145,-0.21365396912338905,0.28309386932824404,0.03527715077391008,-0.7901700183452758,0.5030461581712131,0.5530624839232406,-0.3337592317513777,0.699593937568685,-0.16844692762646601,0.05879551115459766,-0.4293020293526671,0.3341958738509838,0.01472783312242131,-0.5510934553444372,0.2784597780445385,-0.38417396584473235,0.12390036636713392,-0.18313813438890317,1
-0.20417930570582724,0.1671998197197126,-0.6368360941661005,-0.02348973061394782,1.0116830778461674,1.8084498663717339,0.8179504117772948,0.4465297683999265,-0.3965235194850704,0.5023165457884804,-0.18104518537741904,0.14350705633163668,0.31536638875109274,-0.33068263238665524,-0.04978576007420723,0.8593886215740466,-0.8454506236793213,0.3808969582464132,0.7236987475096724,-0.1794208817476542,1
3.670397094151154,2.112026923978699,-1.0324082361064686,1.9238227315195677,1.7265699021161771,-0.5294479695455343,-0.16154360561238285,-0.2214311915953829,0.40585434073357196,0.11746120690336687,0.5603302802586336,-0.09209356509381764,-0.2663800606593213,-0.016125984861626724,0.09221557999997085,-0.8276171591628186,-0.026798984493619008,-0.2812462947919627,0.3322459637131253,0.040729644546087865,1
-1.1740274949537033,-1.2085247974479418,-1.2239176048874327,-0.4249766887539236,-0.29122653071263194,-0.7474764970641574,-0.2863432922222804,0.5940866060428829,0.8224874653483069,-0.33976471747390047,0.33343293423327736,0.02163763362187054,0.3935567978154496,-0.3684681253741549,0.2612075113323729,0.6421261974758578,0.06650522608095508,-0.3620725998958565,-0.4359895373753386,-0.0013097642590233943,0
2.1888286371041024,-2.5482439325369315,-0.6020984201608537,2.687915310823513,-1.1478225491312435,-1.1711235327517835,-0.0899317424208364,0.09271981993983293,-0.029215061403505094,-0.025402263257949757,-1.0155033575664414,-0.8689912801281562,1.066631016219302,0.10025245785724313,0.4152920140724492,-0.01744452936866589,-0.3750269693687113,0.07037086006947914,0.19612952272634168,-0.049590090891723636,1
0.7997113990331536,1.4023145222720614,0.5109263010553347,-0.0763612049202514,0.8366397655456264,-0.8197948575371615,0.0599238741056999,-0.2780452625694938,0.37800059402735475,-0.03262388655443566,0.1101860363402269,0.39383153611690697,-0.2902261894545631,0.24924542818723533,0.1140026881146383,0.7053580616147069,0.4557717863323731,-0.6275656052660377,0.4015089311177445,-0.16958338614702792,1
-1.851189746637229,-0.0036668728211744573,0.25264661823530365,0.5086022782516031,-0.052165573487485135,0.021714310296943744,-0.4755329074498096,-0.04375831170315958,-0.8556737104293808,0.23813810765266605,0.6921009781063691,-0.10963650496684177,-0.5789082265812244,0.7329604232587158,-0.03452381723967312,-0.3777692832563287,-0.5105440926596878,-0.7107982995887007,-0.2806062763106069,-0.2755888235743341,0
3.695620780799704,0.8236919702758552,1.7870295061676593,3.155232020334116,-0.12684119992366735,1.0158011894974475,-0.3066572022728829,-0.5307774583535785,0.20943190465079295,-0.029380860120457788,-0.3678670060464671,-0.2152107563587771,-0.3761357634530744,-0.8022326777617619,-0.48891845507606974,0.10190213449573471,-0.9759090948350707,0.08315365620275803,0.5198325334979363,0.22850390400148088,1
1.0012748916809935,-1.9518942643921693,-1.608162977465544,0.5896595242473319,-0.0309543185754724,-0.1892908890266401,-0.15461069245481893,0.7711523806681734,-1.1462235781651895,-0.7287030587659172,0.14299362363708384,-0.13043413596068718,0.33620998565424254,0.28680437405369547,0.43139735214254765,-0.04911296906361186,-0.25228929348060886,0.06252430525815501,-0.08453546313987141,-0.09373189848156893,1
-2.430803728667984,-0.17855989073815992,-0.014642798386125574,-0.03575136028249792,0.17969641431612676,0.04804402572221696,0.12838961326399348,-0.08097727855274485,0.5490435877777807,-0.37648305324335507,-0.26854299837755513,-0.7731820829256255,-8.768023429574317e-05,0.4898238811456557,0.19532802575805283,0.1050708134999233,-2.9980256314974237e-05,-0.0997546272869124,0.00017135187432346948,0.0632656931307462,0
-0.6938784153843691,-0.06077468118850172,0.8343886539517196,-1.311951348303261,0.07508661176892177,-0.8093845569724591,0.6368874042846535,-1.047396431431232,-0.03570486925568678,0.2106916777237646,0.1502933087479596,-0.12420360827337411,0.13554196101069713,-0.5882682153544332,0.12302204317478341,-0.3886687452509413,0.029602086027679886,-0.14755434634593992,0.2237915333523689,-0.06838505835466926,0
-0.8008252220219063,0.1447744712074709,-0.5170942128987679,-0.3744284377980611,-0.4608376833928085,-0.10880441526612536,-0.23949811214037553,1.235250026616986,-0.3039223398616246,0.2960431909154392,0.3460050116294066,0.8821733592259412,-0.5434652943896242,-0.01871573181580661,0.7076594744080058,0.062298962834081754,0.1564496384210344,0.3723176020916336,-0.03991803488888807,0.4946004886002787,0
-1.5486457576924582,-0.8185911918002204,-1.2588005578624664,-1.0860462596111404,0.948042407280586,-0.06126629218706697,0.19344489759207345,1.2438075911152973,0.36660045747132164,-0.21988992424936776,-0.3174111023307435,0.09612042626320547,0.4517422555203406,-0.5920457501206008,0.2632882232044035,0.1307745436260273,-0.5909139101849505,0.14134914524998357,-0.43273389510666416,0.13718038961994306,0
-3.567204897059427,0.035807704781363386,0.6151157468461992,1.1392836630318048,0.7676966778954786,0.33780449667805923,0.4581543004793137,-0.46022328246826455,0.6222471840824081,-0.6664102604750525,0.05714031485700997,-0.3344159262331973,-0.1315941708957314,0.693125875509943,-1.2448249386238075,0.15687373465135596,-0.15437106736238046,0.08176374991362492,0.1536969020911785,0.14356737639188905,0
-1.428580233721746,1.016779336934954,0.5376165187910743,0.4902844950208206,0.10486029470062384,0.38133459980197976,0.7017927428990465,0.10721454079498574,-1.4911977613318375,-0.198473461086226,0.017122234847537134,0.06141461572141027,-0.3231676030503208,-0.6890881413297856,0.513354195752555,0.4531848118203094,0.1972926109265006,0.03843899480899652,-0.558059340565481,0.07391781214958935,0
-2.1615843385519757,-0.33813642874434785,-0.058766125512872726,0.11218945577219692,-0.11753804280840954,-0.039060729882838735,-0.502579407239695,-0.18265796353461206,0.6382330898606272,0.5400700979636891,0.9105768415561377,0.4249799385859834,0.16879528202994307,-0.2645277866478333,0.09632365141803234,-0.1713115400636821,-0.05720345059125117,-0.26202223270533714,0.0196697523972206,-0.014632045204986456,0
-0.5172498121096231,0.3307955668821206,0.24815902511572716,0.3913844878180368,-0.3698217310124736,-0.3589321218430124,-0.6401565565895462,0.44335658267186095,-0.9709103662032041,-0.417807834159768,1.0713061307465686,-0.8364020583508446,-0.06150764777237828,0.8329525317901605,0.7455966372179519,0.12142910167385573,-0.41232901690349655,0.30531147391964675,-0.0060649637301768405,-0.10387130150214414,0
2.00450997089951,-1.8249798929096648,1.1453902592359817,0.12289150872851015,-0.8650179038562269,-1.0230639356478988,0.7333860993233178,-0.5979249051570166,-0.29407091325993345,0.37878302499550054,-1.0737706588049356,0.08927638179127789,0.8988853707366912,0.10656344474737761,0.35667992201480636,0.14492385100212235,-0.3689215374030179,0.092320559402421,-0.18079549204981776,-0.11099364754100284,1
1.6913079424584696,0.0733592455672847,-1.175608297341465,-1.0020950057072369,-0.5828680554970757,-0.1799617522256382,0.009029076621018895,0.0678651977720761,1.2630401182909765,0.23257332934518066,-0.2982909076288479,0.02531847149190881,-1.005945757378921,0.8634663394696342,0.390598135251415,-0.17030796375867094,-0.27123313735109383,0.2101766824532393,0.0351565656585101,0.06351116086424304,1
-0.8841434754231714,-2.045079596457605,-0.982596450048307,0.9134556603454739,-1.0290039331615515,0.7026336476623701,0.21498910401008609,-0.00400334553894269,-0.14693221467160109,-1.2228258338389402,0.06184622378289533,0.4949330099488256,-0.28652949763405766,0.09394136004620725,-0.8390503776822432,-0.6426276500222305,-0.05285982566076507,-0.010675785514503435,-0.2167102214507533,0.22692082840925706,1
-0.5702327859544578,-0.31665281675668244,-0.15617323535977914,1.2113599570884446,0.10737510830684832,-1.0380587458541628,-0.9938130324401887,1.3036019026633958,-0.6048863251311981,-0.5432460526453057,0.44671128223796785,-0.053608415913142506,-0.4449482052481035,-0.23242333807478163,0.30076305105454665,0.6706493101280443,0.36768646582658104,-0.09848138881546324,0.44994302715979856,0.0807231959712178,0
-0.5859537250599336,0.2039035280885048,1.365677000574839,-0.6919166551079735,-0.25189669881924937,-0.1893310173269884,0.3736107536502434,-0.7325650808333994,-0.2503997600332877,-0.358319956260189,-0.18280029899382416,0.06061620905775141,-0.015241912039257738,0.559352844945192,0.05963326351460149,0.8318737584158759,-0.5153519991787837,0.6291792812059138,-0.7509014592939174,-0.21857163855445552,0
0.5903604331521132,1.8491850292288587,1.6343543494289663,0.32016817671106257,-0.9157553933173227,0.4198737959789681,0.223681352479961,0.40426637711024255,0.15931011338541984,-1.1490672488207896,0.11529759416194134,0.4965154801434752,-0.27994717176955736,0.5493799004135425,0.2565267921558237,-0.44075116445536416,0.5009012265956301,0.13652089598066317,-0.1114200983232717,0.14503737241794004,1
-2.147817318497225,0.05591430025999147,0.899999561381751,-0.2319800018879491,0.45243956426439425,-0.09259696566046266,0.10505519553778489,-0.07176371550383867,0.177279711829643,-0.5357548159926636,-0.27585449775340837,-0.4704607533503085,0.23181382168285558,0.4812791147600814,0.27148843432946956,0.9925744521686913,-0.19105421580983076,-0.6499039317898804,0.8900825725707303,0.7928263236772953,0
1.4930849831765802,0.668039711332115,-0.9183989892941358,-0.3761858172282087,-1.030555041583829,-0.9816232459485232,-0.06391314562266691,0.761266763716899,0.4480729862557982,-0.4389441506459549,-0.2708700998367759,0.7258863256743194,0.9959771790181151,0.6045595132293904,-0.45126543473904396,0.49779648235721263,-0.35907563994620295,-0.15731823794249147,-0.1693140370349289,-0.28571563509410663,1
-0.5700418777809452,-0.4875910804294457,-0.4846159273725694,-1.0936716232732364,0.14425657047633147,-1.2249076311391125,0.7113362735991079,0.8657663527740683,0.3095286907965221,0.1686935277194207,0.28325707975585207,1.0429130521272667,-0.15829141859173562,-0.16591485721682356,-0.11431029297725724,0.21770727732073358,-0.4753296015388059,0.020531785091658303,-0.5109326977146457,0.06224221510345758,0
-1.8957432902943943,0.034944603529380565,-0.8558329194720573,-0.5732973369342894,-0.07370541019248532,-0.14805430588231436,-0.18672588581708968,0.7820451613405521,0.12078447149219268,0.932428482766789,-0.216075375160027,0.06283668144484394,-0.29423313215843844,-0.4223655732647999,-0.08429129359196404,0.5219888819477673,-0.03322824316930513,0.2754469964100992,0.19715712939498517,-0.09379597360731942,1
2.5835386719083524,0.9321836791628089,0.5171794329033587,0.2445458536491366,0.6463746099885778,2.21346010715223,-0.15759065047156978,-0.07565764066668633,0.5959989171374346,-0.17749033912267675,0.03907217446142948,0.5581866878076579,-0.8900750343150029,-0.045064619985083626,-0.3137156719605203,0.04038541307644673,0.06892903275931828,0.04546888988158614,0.8912045170554174,-0.20879683423500142,1
-2.6721007495910896,0.44645500546715056,-0.6555744453772532,0.11913172985023289,0.46272542667402966,-0.23863801180193991,-0.05212142334389798,1.0462602122172378,0.05187275341174809,0.12898469459547168,-0.02484115415970293,-0.28335349188488423,0.17616884342610575,-0.3368288709477864,-0.3179071177435655,0.12945781989529156,0.33940778059714977,0.28541041414141166,-0.10750386107560504,-0.043908323771540025,0
-1.6801550619843895,1.7308688826906304,-0.6213784803881378,0.4381141773391287,-0.24685191499196105,0.27345630856353204,-0.26562511157938457,-0.3472117505791453,-0.009390370998204093,-0.24731813767975677,-0.43975255544080055,-0.16122239144702244,-0.8435481883760377,0.3834815910859526,0.33936091500125953,0.28616684510836193,0.054439896635306795,0.24526510191549092,-0.22800338270854414,-0.18184207952573647,0
-0.2753161694631141,1.6157758073686845,-1.135129953885977,-1.5888439159718062,0.6345828621508308,-0.841536050563432,-1.1070569096422627,0.016275478034790805,-0.07285191136534919,-1.0179335875466788,0.02535256961699007,0.05284714010586904,-0.09840783050679472,-0.6022951294422446,-0.19025398469188734,-0.3085832880872129,-0.001803744108469151,0.42811914369002124,-0.17633606420344128,0.19736978764755905,0
-0.412652434836852,1.6810649695620825,0.37937457300467775,1.4482049783942608,-0.14784550580883063,-0.0023432517755618684,0.34879391337049204,0.24654319562177127,0.40467517378629836,-0.024565560672822534,-0.009887352760817312,0.7223853676679497,-0.09982586194756134,0.3646050613053336,0.6832137184545937,0.30897786793334314,0.10829833594686493,-0.6155124199435925,0.7050441927788748,-0.13046831673244666,0
-0.8306001002740566,-0.3147858138397533,-2.537797817249653,-0.336341983702658,-1.276415648142192,0.43784012894831853,-0.4480994021781128,-0.800748561830236,-0.5214813531525861,0.4281906698216693,0.5337245584014381,0.10808882355847657,0.34391893321260375,0.39891257888135584,-0.08613352036079663,-0.3040741686374027,0.27635612159099,0.08499960095450938,0.5472349224883379,0.77212997095911,0
1.722074720684577,4.816099818542505,-2.717973136428477,-0.07182521138501786,-0.38472780041118454,-2.289474030837098,-0.17454067775042492,1.171178309110898,0.18826575526781833,-0.6365786992408962,0.5279956962288068,0.378771602737033,0.710605674676596,0.4374213802587416,-0.11718049558719608,-0.49961128209628564,-0.3312426165435805,0.2711999067886016,0.5756658840834719,-0.23299507991641288,0
0.8895024649813558,1.074574450985622,0.2323862410405904,0.8964551188963721,-0.5541444698568476,1.4486248843162552,0.42386313120455876,0.40248451421556763,0.18082582977943945,-0.9395571853899488,0.1703406823594101,0.06585197700372133,0.07957435566599927,-0.263890558944097,0.7011751202035543,0.005554651899123308,0.2481821020534713,-0.2419999393714483,-0.37909193949732745,-0.22715177574635412,1
2.291503170966891,-1.2223006629318245,-0.9934631974866915,-0.6450525675823738,-0.5747233877264202,-0.49391604265007144,0.42008758069005486,0.11179475353332353,-0.19519529107026884,1.0127678565603535,-0.5107516229001703,-0.9666593565110807,-0.12303925369618908,-0.44731588439978354,-0.1804189292037164,0.655480681647207,-0.24069551024904917,1.1077699639507663,-0.10571768268855222,-0.004981679605553583,1
3.6051283815832886,0.4575353441228005,-1.2873914107110669,-0.5209541813618606,0.9301712199963094,0.1060395992609999,-0.33416639520893787,-0.27060790804072754,0.6206907238556496,0.5046316873200067,0.1294565659601825,-0.4338882406947941,-0.5102903574105399,-0.010356198142942702,0.2955112577537734,0.11885070778721722,0.924143061405492,-0.05003964258633283,0.15912408639401301,0.765728007547639,1
-0.28479921214085696,1.1282285325832813,-0.5108978704505759,1.4212077237857061,-0.2713754454191548,-0.04873403502291141,0.7664325909296505,0.13991569158643602,-0.2518047243630876,-0.6758110751617536,-0.825349582111141,0.0044755119487889855,0.8294110286214892,-0.12419127619558615,0.17475128160801967,-0.19456173387489678,0.08977969765825497,-0.7593495168742618,-0.2881546830043931,-0.10624258193076291,1
0.4335756393290625,1.4517098111284041,-0.6587050665533354,-0.7051868247118362,1.453390127168625,0.4666140443406037,0.5970784734482976,-0.6255041777161109,-0.35999752552806125,0.013420580564301074,-0.6873904613125729,0.6626192065388021,0.6731156759226758,0.5117332977502488,-0.3076168269587799,-0.4058732563761444,0.23799581625429087,0.23089535528430935,0.0963375837115913,-0.3879984411428393,1
1.171187130498177,1.3102737976146264,-0.031204957531814244,0.18985280777803756,1.4013892511478765,0.1754187433936453,0.7200727281481221,-0.34777255455107103,0.3956640991832078,-0.13335465377417025,0.18499556462900188,0.6450509752219961,-0.18414397934116464,0.1858529954796744,0.18546055312564327,-0.3375304888630138,0.5207199383182864,-0.1990410512221854,0.08254787423667986,-0.16738991081223087,1
0.8045557639741218,0.8774571318373602,-0.3125044329938678,-1.146744380683409,0.6373079122349152,-1.0394327608193565,-0.1428419471681384,0.5598545567168405,0.8784712712390735,-0.4916837854407257,-0.7303376218262911,0.2613550485666669,0.37167643508625087,-0.16398210572346292,0.3180539739343121,-0.173025244922221,0.171706409464552,0.23171118280964248,-0.08274603373031265,-0.01119186955276491,0
-2.2069343197720106,-1.1353372916225872,-0.6564299940347899,-0.7138599676807278,-0.016275614155075384,0.1285057214655284,-0.4834577387624394,0.16721249176102043,-0.42116754197341905,-1.249726962841056,-0.9536218302669629,0.15698847979650243,-0.3474153370274647,0.6345019941586324,0.2902061608513183,-0.1350505675598077,-0.6234106867028,-0.3179666240568294,0.5901367126860795,0.15389165367762658,0
1.9277547474512113,1.5916318144773107,-0.32194864937065243,-1.912887242286524,1.9941820980972178,0.3109756864660553,0.34523784579505945,-0.6491566306654563,-0.37150123448744454,0.06532900404344422,-0.8126007583944594,0.08251430043303278,0.4559448898829027,-0.34920471195011255,0.20051639012126857,0.3343283960919667,0.3340752071072269,-0.8879035155149645,-0.8267380676794751,-0.18836802045804532,1
-1.1257620858275201,-0.8062053402480647,-0.4445669010700627,-0.08274196971824409,0.03797036970107464,-1.1842876292882463,-0.7348178430885612,-0.1466472268659801,0.5215997991355585,0.49681175423615237,0.7714552788669791,0.2850318831437509,0.19166596994998714,-0.3272036079740212,0.6295907158112783,-0.003967398997115792,-0.09820437060687463,-0.4371240152763524,0.07388675259446803,-0.09971833598697562,0
0.3051314709824965,-0.7205992808604086,-1.479661808960631,-1.5030622468009458,-0.8062621184594014,-0.8959479691074049,0.19585813230162719,0.23612424937044024,-0.6247574740107719,0.23067199083724726,0.655972516772923,-0.6502620713612869,0.3987606990994026,0.28032259564596623,-0.7191741635554374,-0.4440305582273946,0.019164766019157897,0.06870032091598197,0.37091181523462513,-0.44974557174358853,0
-1.1867314440967007,0.49795539243535186,-0.1928332495319652,-0.18897470262845484,1.5681652796562326,1.0223368250289129,-1.2496445345081983,1.08951322988085,-0.9614038908524404,-0.3782924324785482,-0.4284733518410884,0.049739970310298344,0.01905756988451944,-0.22127719525099662,-0.3439882198178998,0.16617205818913144,0.20751005219688176,-0.24437380082405694,0.127076184787905,0.06842836079942721,0
-0.6573968524836828,-0.24158818022846254,0.8356890560249055,-0.5941112158068597,0.052084909432504344,-0.20202013341030745,1.5326697239041165,-0.6806588440533085,-0.11435876217325994,-0.17615221705856196,-0.23173948207385653,0.6572224579592828,0.751038548295889,-0.05795444899406135,0.07715084174270158,0.21801070778536058,-0.29235324887297826,0.5263031836236349,-0.15559766318525867,-0.15776061267696412,0
-1.5949077970952885,0.16806154281036195,0.8681094163200027,-0.08443643580664245,0.012367252920661818,0.03740414284339165,-0.04456428725037292,0.4565249266019398,-0.31106002374306135,0.9752002551475412,0.10584948360118056,0.18268871206788048,0.8159932862158902,0.1665403967186491,0.38034063399279805,0.47330609324162215,0.3282125902657643,0.6257582110560115,0.044034625606314146,0.6272910939166384,0
-0.5529666762986911,1.4869037534227398,-0.3986328629642096,-0.25916705757072,0.18320828012238657,0.676125512611596,-0.2572743147021128,-0.1421867343150417,0.32439632722028644,-0.443794778850186,-0.051361390061322724,-0.8778835913560181,0.3230491282506299,-0.08937043494690947,0.2526758806149409,0.7442564177239702,-0.776209440750257,-0.5851512475554677,0.06451332399219134,1.0416163031951995,0
-1.516803160658429,0.7404605857396049,-1.0955084696773736,0.7795887333310381,-0.6467670664281343,0.9862483666643618,0.8187205739768666,-0.05134157673295263,0.2027682193296602,-1.2777950473049504,-0.3396542865898491,0.22146037803954433,-0.27674634640669155,-0.531325672387502,-0.8176059906321274,-0.27644234125475237,-0.05236989785380197,0.6848781749955313,-0.27556068720101157,-0.023551507522916636,1
-1.9726600288258016,-1.5652214023725592,-0.1961321412397344,-0.7689943865895672,-0.7021918150510646,0.418182224107338,-0.6834147037715026,-0.29066953446559446,0.48644644129134834,-0.6311646208695065,0.7862823811446963,-0.705099693292267,-0.5096285050252388,0.3285470926544144,0.3658360061276291,-0.16123862259169358,-0.419638928064678,-0.04473936326770569,-0.048223315663404494,-0.17042409155330177,0
3.2435492232983014,0.11354154156384855,0.615534557877713,0.5815409648749817,-0.7782279116865956,-0.47563095705909625,-0.22255453454154006,0.9124487007312246,1.3628557057092898,-0.1909810737212683,-0.1651301864615106,0.005970699397342269,0.3049200599059681,-0.08473825901471681,0.36247173563842855,0.20673377676256724,0.031490107227943265,-0.08625035748810293,-0.6046861027603351,0.21190940845274664,1
-0.06063847454393124,-0.7623879688113601,0.14247677829242703,-0.36607314094355137,-1.3975471878062018,1.1994431633203566,1.1180641379044094,0.5752197247938083,0.17162478797876532,0.7578301480094929,-0.4793923414324295,-0.22128716802772122,-0.10694899181352646,-0.599402939862785,0.6235322160128327,-0.19628959487497613,-0.39526422412964973,0.19489592207040143,-0.06041440773956652,0.15916796944569278,0
0.7284135872677895,0.9739026613338424,1.932183579740358,-0.08846364343211881,-1.270474580743068,0.8250537115965956,1.0621457793342859,0.4469461472630583,-0.05089079864234868,0.17804793273772948,1.0308401601472306,-0.6767564476122638,0.21887747990337747,-0.42781084916459367,-0.6294316080409801,0.08770835149098435,-0.21823909391503013,-0.47711528108391105,-0.1339449985524857,0.022851738485649732,1
1.2341808944317383,2.7430113788385473,-0.5868678032767225,0.14301212747390418,-0.7929269727223337,-0.7956968883997604,-0.08401768603988284,-0.6217697870154865,-0.9110508275489586,-0.44618999360998157,0.8486972024308483,0.262662411405339,-0.11523801471094353,0.16569105998225225,0.14167488638719708,-0.2228442152487339,0.2855452279698338,0.4246998143319172,0.36236095349706055,-0.1854437115026022,0
1.9230882087595862,-1.0078260728822117,0.7733203720369163,-0.31327549365783725,0.656786409185172,0.2928287996618364,0.08557396967957816,-0.3124699990383581,0.4883032876699445,-0.09969758413578822,0.5720122088925551,-0.6497626355089026,0.582501213511038,0.4471478566955539,-0.07923877240177217,0.21032883357752566,0.8938775023300595,0.20733109935263788,0.2778512070976537,-0.31899003524992287,1
2.5611799734077905,-0.13411217863250288,-0.6089267315376389,-0.2300906190059985,-1.7275887065869655,1.416173812047461,0.4868878685355716,-0.15383529010931865,0.3858681890918105,0.5467997541238563,-0.22286637276011936,0.4256843500032213,0.37702525982455837,0.6107221187068419,-0.4226684117862447,-0.09511631791763621,0.10048370533426637,0.3899086838860363,-0.11081238203746592,0.6709126716705311,1
-0.18940194273847066,-0.78642596366139,-1.1452648787177877,-1.0130525785304894,2.144412229738623,1.4781389721573608,0.23277590721033564,0.6072828933200835,-0.23928938114323245,-0.100775972008509,-0.07957953655084463,-0.38353088892838844,0.7029976790548488,-0.01178453899143726,0.2587774804374629,0.09577937608731153,-0.11765410440905621,0.5113684401392663,1.1459814044866083,0.6203609266568297,0
1.6133044514368333,-2.183803861091889,-0.1134786571979005,-0.08860222959368678,-0.600010940483159,0.14739617719738565,0.38654827452429463,-0.680491369724292,0.5632535639349705,0.4919570793197986,0.4429309884456596,-0.30075626617232315,0.05653396465727244,0.052021068423357665,-0.3298806003417042,0.7458927827809341,0.3138223545856567,0.4772699485893141,-0.16753879894401622,-0.09694476869310749,1
-0.5780526882775009,1.201668317149829,-1.1280358697025004,1.4649031552622662,0.5096605605017176,-0.010992776908697472,-0.77278669729876,0.09554598211385736,0.7283078591798651,0.5204485645506877,-0.3742589919953839,0.08851778789647133,-0.0623624362010101,-0.25028764873203524,-0.024794184749810936,0.13738121759896033,0.4285698508343714,0.2374550964772033,-0.08468243990696386,0.039822176291347954,0
-0.5025715941784749,0.5771392560754527,0.20219662150385082,-0.36593439184474674,2.3642561696223834,1.3865901639398053,-1.1953948305596078,0.6926026512753929,-0.6345651840165294,0.24324166368971767,-0.13102038137716898,0.28070842173154037,-0.48525827972677976,-0.561764654844289,0.3383604756794882,0.5214068974668681,0.09423497936859682,0.22617323051184818,0.1114947697991857,0.1532227414172094,0
-0.9471516534783277,0.659631591352133,-0.9515777314626782,0.4401972257895158,-0.4439457142535974,0.357727570176228,0.09219054222817372,-0.2607548857345055,-0.9908463972058021,-0.6116872724264675,-0.07680959708210729,1.117631031864053,-0.260265490261272,0.3924752531731748,0.5342601691788459,-0.40620591263500794,0.6632500752495782,-0.39686244683847527,0.17023328427568726,0.659076018818858,1
2.1269249604128313,2.3399880541517186,-1.7529955337647638,0.7082206445505936,0.6885777593875451,0.1103485433393556,0.523885451673666,-0.3387626785887087,0.13385591362139473,-0.08023595790997594,0.7497876556926021,0.36575793407128276,0.3616766658159376,0.06819371138159298,-0.32457845899146504,-0.26092955331322737,-0.584341628797388,0.2828490197714067,0.00023698985720943882,-0.11764459399299608,1
-1.0101099456764526,0.5265377851212947,0.5797720020181826,1.1959367680652744,1.4652181815457375,1.3812957770220393,-0.431378237827425,0.6648273852224192,-0.28716796944191136,-0.20815562476212993,0.1110352625108409,-0.7450658203568367,-0.3093819495224404,-0.09374668837807011,-0.2047979426520767,-0.05151535393344764,0.37819551047399097,0.3582116176276702,-0.31159363272025403,-0.1782151415338192,0
2.354580072867662,0.5264961450020756,1.4143725100234907,2.7677227947531606,-0.7711929194953666,-1.1429458339193737,0.1029191543333027,-0.2866799646371411,0.4935771666508239,0.48488145379627323,-0.7784108459400374,-0.13016728852839837,0.3082296047885257,0.6193153303894973,0.18969075465829874,0.00547361390360591,-0.0038659448040007853,0.882342011704794,0.22722747137374424,0.024547006051492078,0
0.3897377661812195,2.18431963540879,1.0619778753024685,-0.175367599709982,-0.8300131126104613,0.1561133743185115,0.18042016883199946,-0.5915088119788368,-0.452400075133301,-0.6941883885946797,0.27077285138861085,-0.4999216607519806,0.5927210303197258,-0.17920120422763913,-0.19531873126395294,-0.30559032671427944,0.28744090669399996,0.6605926541478095,0.18423190690866129,-0.4197747650018668,1
-0.23118820329293835,0.2305715597585782,1.8260213504385026,-1.06180599322077,1.718308390012632,0.22868084509400588,-0.45309973656111446,-1.068312503028624,-0.031409345808414535,-0.19934777966193742,0.20511105360925935,-0.22931499263998487,-0.41631862323833163,0.1832960820298839,0.25314249036158926,-0.16564629109603388,-0.5207433147878658,-0.020917940188304323,-0.4806280913761969,-0.08301716547918767,0
-2.403586463949789,0.010592568115984241,-0.04130873844437267,0.9731061133527995,0.8442285872302236,-0.5340041201188398,-0.01955495395030048,0.7570334510776429,-0.5133100875660757,0.45632788321263823,-0.8271692037966293,0.900732081012816,0.29797595444468444,-0.022293420643460623,-0.3576982163384562,-0.05798810712554656,-0.4517960471358353,-0.43114397797499177,0.5875367813170292,0.0024371686808139052,0
2.312059435236358,0.23606910977425422,1.0169415182541968,-1.2951482822892348,0.6277323433827309,2.036211207963898,-0.08709635131869134,0.7005108724933903,0.07793465445957123,0.46718710692170057,0.22583491644216588,-0.8954318165105957,0.35546529150449685,1.2769302330443713,-0.7813291999896474,0.867724182786588,-0.30279831795186557,-0.3093245144381484,-0.6857128464942956,-0.1740190801713616,1
-0.2990067846439192,2.674776294537894,2.349387607843791,1.6422384587191687,0.4935189580232909,1.4671855843940476,0.4986177897913118,-0.27070572999874914,0.18563177954478202,0.3059483513671187,-0.3639093450305392,0.11935718359496376,0.7071253947856356,1.1894530804373944,0.9490667474370633,0.1066496466388298,-0.11901193528800466,0.24462401449324164,-0.1814434489077918,-0.12930176378588934,1
2.279965795242193,0.11318335857274135,0.48304465842945926,-0.428950918564102,1.9696917988815392,-0.0010860686372706325,-0.2942335718474063,1.0239083105957276,0.5220236705956605,0.7689344238711622,0.2634234795451684,0.502502071035973,-0.2555524489756408,0.13318044563518028,0.3416826502485611,-0.17730297460924163,0.07410176852288376,0.08245447910899083,-0.30953576913637465,-0.045335329350434404,1
-1.9212766365755551,-0.42150995279084846,0.6647755752733608,-0.2792157490923957,-0.04973047302803981,0.007389076094108553,-0.2932858482995817,0.35057181996448533,0.7113837185391705,-0.055513301856171614,-0.2548722377607166,-0.19567636992821352,0.6217342594030627,-0.3094402501191927,0.3040606246701962,0.09950411301925945,0.439742268764648,-0.01407725925593449,-0.06129888258545962,0.0078176299835503,0
2.8904828547390866,-0.5004572314511169,-1.787164651884117,2.2961209333362786,0.9996929551477532,0.86120065301742,-0.22044629894166037,0.2718611327931789,0.7308640032885512,-0.29462489654649465,0.2687669901255651,-0.6219820483575597,0.6035940245921653,0.16400661820348975,0.4068203612036143,0.21463138002241575,0.019349323264781174,0.2922623708597295,-0.0364722569065635,-0.08955599559134642,1
-0.9301182569662795,-0.20058202259254074,-0.706519954474063,0.372468937871716,-0.8708639724707681,1.1696902657746517,1.0022226961247038,0.7064675412054336,-0.6429078955829214,0.481115345572477,0.024712279639609376,0.6294752963641039,-0.09494717172434251,0.0005776601690906672,-0.2955957814401837,0.2509315365045797,-0.18553368204558882,-0.6818282923791809,0.3747941335254855,0.7156033064645088,1
3.1480877453339215,0.22312606378922936,-0.8794022276970223,-0.5237530851546063,0.39094923545859184,1.2448546448341884,-1.3567930788305274,-0.7438588909535836,-0.49891938140842734,0.05286054979918308,0.32546783962990466,0.006021230365905029,-0.19844729768803668,0.19926578714822485,-0.3341302205836162,-0.21448320062962176,-0.009167664058108446,0.060815332333756744,0.6864363883897571,-0.1223365662757582,1
1.0509540377826234,-1.1521430690265886,0.07331915574380045,-1.5104660354732615,-1.0690128478178826,-1.2377355639837297,-0.8608231928286524,-0.2585276319127648,0.2893599871797164,0.8419533195529733,0.34875921685982375,0.33534513627738727,0.7096354290009674,0.3816333233335219,-0.011163006508008373,-0.16586937373749702,-0.1780189196989298,-0.09221281829398967,0.03238467910595945,-0.30578513896111487,0
1.8452182411538673,0.22463418722287926,-2.1461408684241414,-1.788293024416731,0.5604075019695379,-0.10776639688567592,0.1780731953410774,-0.5637605725778612,-0.16691890987880303,0.15888626293388833,-0.08620720689194275,0.23985651093947946,0.40098525881710967,0.256395355682368,-0.1903971758484332,0.550856361148332,0.237303102308227,-0.23310205401479417,-0.4272044193296369,-0.42732642690575495,1
1.3053265684505373,0.21978355707480163,2.003103194475545,-1.2261038599609069,-0.25240851512169027,0.5433848178858945,0.2233042861928866,0.9713888512181756,0.5020361803831137,0.18328765400713534,0.2887611176055678,-0.5161094682744634,-0.10912784237419915,0.23990502375630396,-0.18558653261679564,0.5347139385269649,0.10133868643244838,-0.602326843777243,0.8178531448417911,-0.02931056981995002,0
-1.1800772336942578,-0.16742050541066367,0.03514723734601025,0.36091327162489795,-0.6890235441823683,0.7388478370290503,0.7562936761380048,-0.04994093194721358,-0.36239505100928343,0.6617185114360167,1.1683719474288354,-0.19038473817290988,0.08330577697333043,-0.49248575870680805,0.023050757327644226,0.01949302434172077,-0.1628984105222403,-0.41925915554385895,-0.13401853868021446,0.8738527674601102,0
-1.3090648544606123,0.22501180458739006,-0.428249070997004,0.19334277229501473,0.03369579502469995,-0.5508556250516489,-0.10287687773045472,-0.10119699082532096,-0.4539295991993554,0.8624219246273344,0.329460908580884,-0.8421286559398915,0.0344638801989421,0.5267693494938802,0.4206692541172576,0.20154781830577764,-0.7717347022326977,0.5076169875209078,0.08517781723864361,-0.17678222315038641,0
0.7450336096161985,1.2044169555511604,0.9354974763781062,-0.49270642292897004,-1.4988458772098503,0.5534255699644526,0.031010727073010558,-0.25924144812406064,0.4747583712261811,0.7218488705195555,-0.9704127649513931,-0.08937192050798182,-0.10502568638411966,0.3660769558861262,-0.4053151360210729,-0.2725322424584531,0.510786044172244,-0.16642559510891675,-0.23565838938926664,-0.008491638719266502,1
-1.6109628180209186,0.3410125155574389,-0.9122481167478926,-0.555469223839403,-0.017149380550388008,-0.19682680012339202,0.47166499622864333,-0.06745957001417045,-0.5896876720737169,0.7565590238788876,0.2871636451000555,-0.5618730744383501,-0.19882758488684843,-0.7430478206548311,0.28709389163121835,-0.289327759616805,-0.10224760214313375,0.016332296244798317,0.3018504188755287,-0.13861426861379506,0
1.170755821596073,2.737638262102316,1.667282075025432,0.19745387890220537,-1.1946940120600655,0.47297118093265295,0.9003840704855754,-0.6834565166273443,0.07000597170108772,0.34374429485438424,0.0048000979120369665,-0.27244968757670474,0.3306210158336247,-0.6834025923784948,-0.028869329445249132,-0.10219960801780797,-0.04464703615834448,-0.28049574189062665,-0.4298980307937899,0.13244929702159178,0
-0.703647012598807,-0.9333998472939221,2.6416633689911504,-0.399080989322169,0.9028464141135529,0.37999043398597565,-0.22744101609225595,-0.1848069239589386,0.38256214977091235,-0.28614121621677846,-0.4505607596167617,1.1806388313802063,-0.10161369411773823,-0.33276639509421596,0.06338822296235629,0.14323507324837753,-0.15806690729638995,0.3010761721862158,0.20773091044835018,-0.09904407857114672,0
0.7843185453738138,1.7808578760843932,0.15621616922376805,-0.8978755233367416,-0.9882531387078152,-0.48846423305476877,-0.1312657294882267,0.14970949055071425,0.8371332542547646,0.46113885742479466,-0.37575615089949427,0.4714779067661227,0.08010960205025514,-0.37866909456767534,0.19470371149108937,-0.6508384852694815,-0.4161412304068227,0.3489853926148363,0.05822719887548393,0.13725958558893084,0
-2.1182408292097548,-0.848243391525509,-0.7897349774608643,-0.13428156724163065,0.014852128578923538,0.2934255692470528,0.6749483317089283,-0.38677074375949855,-0.1610585899795982,0.14776837128214176,-0.7298232405043955,0.523256812793611,0.19304982670713058,0.004558744777398945,0.1078885075363024,-0.6584267366806051,0.09605413627003315,-0.32998678629427786,0.3298704906378841,-0.17263329649314005,0
0.5242456018953987,1.1330805933065269,-1.1529333243875253,0.5176117539405043,1.1793053040753838,2.5603117707348244,0.49223891050370255,0.36203450984395324,0.8248581179847184,-0.5104383643070999,0.28601889638625605,-0.07084227468072775,0.27063321016747954,-0.17246824322627508,0.05675997544110084,-0.1660964330250585,0.16354890007458647,-0.2587717313032087,-0.3205736214376489,0.053072648721547364,1
2.217748657886335,-0.880426984371095,-0.8360448142196769,0.63270020708997,0.8991281426400826,-0.2542558433168348,0.726889238796026,0.8877261618377895,0.26272151631085444,-0.22702839047394802,0.3457502540103927,-0.5015797381367766,-0.2676254853629622,-0.2163408093852198,-0.27391229482935475,-0.06877359540391309,-0.07728526344123642,0.04443015438643711,-0.27058982377109275,0.08820568472277392,1
-0.12497747853595399,-1.2032078415384946,0.2560963880298241,0.46316994889953167,-1.1954980980955519,0.9165691158828138,0.9496392808552332,-0.04103669917136756,0.6129641304727219,0.26224891412465184,0.16460596445849365,0.3422020868651246,0.010478752448744138,-0.2364328885041415,0.7102746704065506,-0.02003778203567249,-0.08975423714710662,-0.27381341002276355,-0.08618808545916389,0.024588091866259727,1
-1.1471190923684453,0.7656946237662654,0.06698548159578911,-0.41036948926902567,-0.21637825029357885,-0.016409438276269377,0.29984739399235094,0.4554274542185048,-0.130983961828683,0.8193145458111435,-0.3504377387739,-0.7165527709722659,-0.5868403887951976,0.39871427503159357,0.6500793224885993,0.3075209980371507,-0.12637500093413093,0.026278723815413043,-0.1490319267145742,-0.02088214558596589,0
0.9229330125609403,0.298429585770598,0.8544360241773774,0.0824486957449795,-0.690514907268811,-0.43928044759398244,0.7481179251731446,-0.2251937484085933,-1.0453473197061236,0.7386008195744573,0.7772702481893008,-0.03948790036276039,0.6696292524966647,0.17076564064978147,-0.43658229860296394,0.0885116409035925,-0.24421446553724002,-0.3781102288888526,-0.43573105858380135,-0.34911450616820533,1
-2.573659094157596,-0.28284424329267327,-0.09436630848180975,0.15736966536550745,0.01720680196487856,0.006047379542269454,-0.5385533180484146,-0.5232391935058958,0.2896272763053644,0.5424174530854229,-0.018951056931780102,0.48017357761719837,0.32304706370346536,-0.1805288072364186,-1.154286189012317,-0.683206169642058,-0.21768404196338517,-0.11265596084220049,-0.15474400365101745,0.09490378031800892,0
-0.9169125831494201,-1.2419091301098377,-0.6768908201535203,2.757548240619888,0.7593551172455572,-1.5383766382284945,0.7466952864661062,0.36150005624369835,0.12183180017231561,-0.027394582466307386,0.5470538376009352,0.4652705034325996,-0.4505198319155478,0.21834972274800657,-0.5377082282362475,0.13115027414726338,-0.47402493852492333,-0.016964970312141368,-0.3374108544572302,0.18179716000404833,1
-1.5255896774090278,-0.8622308549368068,-0.07483690397336008,1.4273061691372242,-0.0477561906876782,-0.38718158379930667,-0.6467757938535773,0.035496623773069114,0.33533530886998714,0.551697643642258,0.143863528065707,0.6409076725701714,0.2353677666470041,0.3593182584366242,-0.24239505223334948,-0.05314067002014899,0.4973120451189127,-0.667813085542801,-0.15685842278276696,-0.1496640932401928,0
1.7870565706480266,0.49079356951450315,2.5616607768596573,0.30645909145769795,1.0027397694121227,1.0187959934606265,0.959468622852691,0.1050170899398757,-0.12738113227314402,0.3332713799203453,0.8364096868549583,0.35883276163239874,0.20275856570237114,-0.39913289676789115,-0.06817471140661407,0.1536834436117987,-0.9354484245718016,-0.907763777689937,0.4764789140949286,0.08033993739670199,1
-1.24560280208745,-0.4988290164923835,-0.5142947772777462,-0.7330131301493403,0.6987426842193574,0.4665048689455502,-0.030389244132701995,-0.01709023115047281,-1.1479315406475412,0.24818075169166126,-0.41650063124487724,-0.07307352622060168,-0.30149153346302787,-0.27998746224681975,0.14657539881857803,-0.2600934139263688,0.368932323160883,-0.28104521303975827,-0.04516554428426386,-0.4264497168011181,1
-0.3700342927617303,-1.0914171588065624,0.37069251848125984,0.018606925291215676,0.2819452339605841,-1.3474000262724584,0.5691638957646591,-0.23661984379801393,0.6430471664105608,-0.10215740012538847,0.18414851285043898,0.7566885893771607,-0.30418495379803207,0.4519428390081528,0.20245802065592605,-0.18399906213236272,0.037953749684208164,-0.09209448412232925,0.1266691225421632,-0.08595134431714281,0
-2.552068927379525,-0.43454901416539843,-0.47327749984082806,-0.5185166572767799,0.3476428180220855,-0.386959627371791,-0.12002347666324577,-0.9586040866549027,0.03387470462551747,0.31283437395461544,0.28189906364897965,-0.3903944755950345,0.345656010679274,0.5326495912766677,0.4165942908335352,0.17328373203476893,-0.7558465377901883,0.3509002665918227,0.15829621239834282,-0.15259858630985298,0
-0.9751589203504359,0.23143312590010112,-0.11623085508459811,0.2554321414521642,-0.9157070511132395,0.9907039767348894,0.39908999144430846,-0.08619653377960318,-1.1499392323082234,0.3445302408336088,1.3321559187615177,-0.017971900209148045,0.1391686866733867,-0.280700231651843,0.0854083223061204,0.4294076545654568,-0.1955602361721556,0.4636322462060927,-0.24472328450279585,0.37853716485849737,0
2.534360446453229,0.49000350742725635,-1.032768523710758,-0.5376864075575276,0.05806906986745903,0.22722807557599248,-1.0174396983792027,-0.8782681590958887,-0.8951577938111714,-0.0442218553701072,0.5270014514379852,0.14672464476580457,0.05243978813161183,0.4255611831758705,-0.06824390478759032,-0.3745449157065793,0.37003381353786174,0.18367607972684824,0.162697080537793,0.6084993624882208,0
-0.5587003925102759,1.6858764969204831,0.7136484459780877,-0.36403411216411696,0.1682813038710055,-0.4697304031396851,0.9336565036521202,-0.7857156446445123,-0.03023150006724139,-0.015170635433801998,-0.33705907520576844,0.23239163731460274,-0.03610474601726402,-0.23014478687093073,-0.20011843015481126,0.35886586367028983,0.5626552691581824,-0.17843905643730237,0.29752078065061344,-0.20959473442683352,0
-2.2241163435123754,0.919533408997947,-1.0775318116415726,0.1970875038492221,-0.18875169377258758,0.06318423064819084,-0.7120533756198215,0.025199875701615318,0.14984582145461772,-0.8402917768720378,0.19553126384039093,-0.0020663477834448546,0.27932405985872005,-0.9606477641038592,-0.28067141945728497,0.24056940796267176,-0.3932231212840149,0.19126531469269004,-0.6758437666881008,-0.0568851407814902,0
-1.6112160271387101,1.0793514008842284,-0.9096085419481187,-0.6897227486901905,0.043313794352202326,-0.7124656045221754,-0.6009017207450333,-0.2744917214393456,0.3608719833124215,0.4369778667008772,-0.04632256107374725,0.1745657172481365,0.2791924346370576,-0.649746920799811,0.5251507252631913,0.050030582444190216,-0.08955821701673716,-0.0742812678355295,-0.06528681806405398,-0.06344662914708275,0
-3.155976759709879,-0.659163103214407,-0.7357299982000137,-0.5101675673402161,0.6624184517676514,-0.7780404544586287,-0.3737135892977587,-0.23850312330786394,0.6494296128360575,-0.40273573907507354,0.36313233899371455,-0.014206590573201798,0.42298795684852797,-0.5412488007506542,-0.850647004117465,-0.3864973160781198,-0.1968375206753245,0.2669983290469023,0.032259675733271265,0.11509928182035148,0
2.0155566587246927,-0.6799793810040285,-2.149648424979349,0.15657620359478233,-0.5320698795381507,1.482247055588465,-0.326991930571976,0.37753104738341275,0.4741845775219623,-0.690606060994068,0.13514197500649233,-0.3349846845874553,0.10965256235689039,-0.03219866408199653,0.5423023640169136,0.18383565898475368,-0.0885908076664151,0.8228116678788938,-0.02354901735693733,-0.3812359991521957,1
1.0031174225679271,0.43871776177628424,-1.0230970479331083,-0.5683454837650042,1.5184491992981317,-0.7033073404632489,-0.1423926029380036,-0.6379323820739562,-0.22148372340809272,-1.2939023339236118,0.8624337029287721,-0.1904330227026144,-0.03133849732647621,-0.6800286904436308,-0.10428066726924658,0.19108780081343202,-0.015058806474770554,-0.40468633609764176,-0.5633099937061896,-0.3093730389205731,1
-3.018359767101395,-0.17218028628751914,0.004117836784984808,0.887768123220038,0.7226080029613853,-0.4178783265390579,0.09162859833973928,-1.0884813093147807,0.38397802965570965,0.054461788011241734,0.35695768465619393,-0.20606032629469914,-0.3725634983039912,0.3436573617228498,-0.7234546253133012,-0.3333477883921987,-0.6221885455532603,0.12874639363441676,-0.04222766421332379,0.20092297935805115,0
-1.6814929599151889,-0.9862285318029511,-0.6094710441942446,-0.5346939435776248,-0.33515630146160164,0.23023606334729724,0.439086996113349,-0.5548814532742066,0.26743962780965497,0.402184462624767,-0.31159680795447897,-0.23510518390094282,-0.13940925125328898,-0.4600451243928717,0.39575025425184773,-0.04040727565514228,0.43312380291394054,0.07809017082391069,0.35363482458283446,-0.0940224009272138,0
0.5114275069884234,2.0872206192289986,1.3356003427235144,-0.7418544198756254,0.4830931870428968,-0.2633448475581616,-0.3900686892070967,-0.5273552639790018,0.23196469923109453,0.5546175816545136,0.14897283262504996,0.2587261578599662,0.9607651217527636,-0.06409998022658014,0.14166062985711333,0.11100960020127287,-0.0030222850647433383,0.44462521756312146,-0.22655546301815577,-0.1774223718810018,0
-0.0631097121496249,-1.6167812538538566,-1.2401644930163922,-1.4114958653643892,-0.6112918263638711,1.0681979777781356,0.3344163772496666,0.010672768567563646,0.5153149755451746,-0.12703129986272885,0.4428947758167925,-0.5966643207841564,0.6979351885207287,-0.11658195488564378,0.43006665474380573,0.5624822353017576,0.1644824603732472,0.17922178334300087,-0.028743844879670306,-0.24172813939476812,1
0.4323001937416599,-0.8359528229627002,-0.1395584957265832,-2.0170379065914577,0.25392900588498246,-0.20654684123988545,0.7808554258624434,-0.6571994339139585,0.27943923017543926,0.14085542929999947,-0.41792393534221683,-0.1212913715963769,-0.03122186020173385,-0.7082860307104867,0.1926692325731112,0.3796962420818732,0.052041422862618286,-0.04738460852021252,-0.3671778203011382,0.018886189559682978,1
-1.6629522202315405,-0.2034048078687039,0.97742454103679,-0.147468347625356,-0.1543995631234165,-0.07603351097661976,-0.47504153754255785,0.20514402299531095,0.6603677939926438,-0.042132681295117595,0.9092330649292671,-0.06347209920738538,0.7470812924256295,-0.23395702632261375,0.3894279796492706,-0.17747956826842334,0.1341733915227981,-0.5371127179163638,-0.03394240957835345,-0.04910005199022645,0
2.454548675638728,0.98530109771514,0.27522319723641725,2.7026183770151198,-2.11838081517974,0.3631917918186388,-0.41596526340087664,-0.2712210985693284,0.041031969239149806,0.27479280654491867,0.6007969802746551,-0.6376445498190173,-0.4128366647200682,-0.6537361368102192,0.6086951331013003,0.05789322515968506,0.02843125151083728,-0.26798967001416407,-0.2590906805770107,-0.015798795023109415,1
-0.223045876247151,-2.1630730560583538,-0.37579645037265613,-0.7311561747077209,1.5028433823437473,1.535713908066702,-1.37288771943367,-0.17024422426433436,0.8353294207430578,1.0007618204496498,-0.6640373937035392,0.013565183930416209,0.24978097141828282,-0.14517517781244368,0.001417747464884113,-0.16674114150195074,0.22412436169893218,-0.16912387350775315,-0.36075720562136476,0.012934887503784822,1
1.4788890962772414,0.7581273930319822,-0.2613226775818811,-2.2725176454831986,-0.43711674346495083,-0.2799619717937786,-0.6072956985724017,-0.7323421842631818,-0.245464290358988,-0.35637522260590426,-0.23521293864129075,-0.32211310822396794,-0.642132600612829,-0.10120162389585036,0.7604704246913389,0.4218393608787711,-0.7187552015520521,0.16610714734264062,-0.7423885992223483,1.1798998093943607,0
-0.7503443976431109,0.09987899062783331,1.8802460709256592,0.1187122911463526,0.06234193654064666,1.115679579266248,-1.3716888153140454,-0.3343028883326462,-0.4982700903629601,0.31203228552512124,-0.11032794891151361,0.36621311965242903,0.3994207881710917,-0.2665562299123303,0.4234788125311135,-0.5745895466555527,-0.033901770084569675,-0.37769728050963536,-0.4064067091973236,0.1813986609354502,0
2.132291505708158,-0.7465932246110416,-2.1325398323381006,1.0532917618145758,0.00010976896036265357,0.5002398474629949,-0.8780820130849624,-0.0010725207637066947,-0.28562643517593644,-0.5674503856081089,0.032304954241148,-0.6791499685125595,0.3910193591085787,0.15261586638700442,0.10186369203461883,0.4986564704243717,0.3753194360937449,-0.03540484844119095,-0.3792204253808676,-0.5085713127830368,1
1.5710419144455299,-0.10628270213180732,-0.9515436014968662,-0.07566727558515313,-1.707395165450315,0.127809885329381,0.17501468382813196,-0.19222417141313752,-0.16909076604431686,-0.2653580230658392,-1.4364491364581269,0.4154469853908343,-0.6213310738444633,-0.5036531715553101,-0.5449512473463656,0.06564599172606032,-0.4973120597950017,0.08714582311782434,0.32310725258107575,-0.06671663285168115,1
-1.0356309367642045,-0.22800801838936394,-0.9153744308289378,0.301845514435395,-0.3232022559268126,0.19661733825250396,0.8810499607765321,0.504667097852274,-0.1819509869962611,0.6301946227464915,-0.3611067877247644,-0.0941541754668904,-0.43005237610980207,-0.33369246987187656,0.38751114350961985,-0.40977516501174943,0.024802729808118738,0.4015748225106861,0.416250630700025,-0.08767106875182516,1
-1.2475556648004267,1.2783234377799697,-0.14408389019551449,0.15440986321890474,-0.6193495312169821,0.3570546848232961,-0.5204008088727657,-0.5375701674463159,0.08443897589506165,-0.12164107185280207,0.6569607720183503,-0.10666927785520813,-0.7444121045544178,0.40711659775591746,0.5611039782156646,0.03448873280491854,-0.2659624296229885,-0.22319246875100382,-0.21951406714345228,-0.2335041822443044,0
-1.9097976414494524,1.284861080951314,-1.0956237544405962,0.2516814272064423,-0.2530169377945202,0.23181843449652456,0.0029370198685277687,0.039332805812490816,0.6549662804604817,-0.3897920683546427,-0.44699486344815603,-0.8209371793105854,-0.21774995211808423,0.4963347920329737,0.016623552556819906,0.1461291685913555,0.13029789420752136,0.060718863402565444,-0.022115837084230802,0.05492161000340408,0
-2.301966907589283,-0.548396159940998,-0.7510727783576008,-0.28935945762836573,-0.2349584285798635,0.31187755464807543,-0.38819264095105005,0.5517462536770718,-0.5258163037960114,-0.35749159551881077,-0.487338634795918,-0.7550712258658631,-0.5198158533446754,0.616887654112858,-0.38926357201340667,-0.2431839401167607,-0.17105408864356755,-0.07796544178248183,-0.19514635524854013,-0.18296927849240083,0
-1.8294030357118742,1.6717829709013399,-0.9629676283764637,0.4717543729205299,-0.3757761420079498,0.29070423344898566,-0.19983533017011504,-0.5952539526165277,0.4567240483395998,0.35839670892397635,-0.016279886436386906,-0.5391083781074757,-0.4130858093643439,0.24542288308163135,0.057254161549955204,-0.17389915979488718,-0.47838688520275685,0.015257695177741752,0.011480457203190188,0.12293397498183775,0
-1.2731757933114185,1.1857526471312947,-0.43235584768022817,0.11622850495221254,-0.38256704284124227,0.2679025011955351,0.26319518824572186,-0.81920709460433,0.027416404736025198,0.375008210647575,0.06435340298772595,-0.312207905090106,0.1074904001161537,-0.6331125107662327,0.38903892983408106,-0.28886168657917033,0.1747587657547714,-0.14864251590907082,0.25884037486711514,-0.09638474160214903,0
1.5332043220463518,-0.8304712575245111,0.3463201782394172,0.2908993544397073,1.3518569655304125,-0.6606655416427339,-0.12477970547872762,0.2802597640177745,0.36401735467209856,0.7030389283163576,0.45865221150244867,-0.3667277401379505,-0.5923912299207459,0.295023021141752,-0.07395216998352605,0.08015037534597474,0.3252609541331994,-0.1037515707173487,-0.12135713909156878,0.041577870593709425,1
0.19725711240542926,-1.543952580794334,0.42921054805290343,-2.244609439626617,-1.6482766893775387,0.16513699637186013,-1.3675104661043194,0.20089076950196508,0.47274736705025183,-0.16762619515181873,-0.5278636325513666,-0.16428491832311956,-0.04030582511198755,-0.5507355788706944,-0.8837374841865875,-0.05934552153576624,-0.628051624607638,-0.05734379172703162,0.8051807064100017,-0.11397237578054868,0
1.9991524842929387,-1.6733365560107094,-0.7062392007910652,-2.1475605003199054,-2.258636218216137,0.050447382477347515,-0.37012080664272157,0.63858468835287,-0.838290339306701,-0.10612110813816056,0.08265642216105801,-0.5833421425947927,-0.08681434202618141,0.5848361469483615,-0.0718068672476969,-0.2823093370400447,0.6377039523960157,0.6610428822217805,0.46687688878751554,0.6364711448059002,1
-0.48734418342188573,-0.5113436878979519,-0.7224454968347502,-1.561432175692725,1.1010347832084713,-0.5098471280608522,1.100137333180719,-0.04307853218631526,-0.4008177908616731,0.24756740102636396,-0.1660250627804116,0.2995973084427858,0.1868004693287344,0.09263130946260897,0.00220218404780156,-0.24880865907580635,-0.15287662151675108,0.8695547562488891,0.4365460246071691,-0.27204693590713824,1
0.24572039936612586,-0.36719741153512553,-2.4386094184204543,-0.12330892747976896,-0.6491839956658378,0.907087376628181,0.017282217164921797,-0.4219462261686806,-0.005800053799084468,0.4487950122254254,-0.008952122527600128,0.05414854196218236,0.3916856845456774,0.2276961776167508,-0.11617140875316546,0.48132216418738627,0.22646826558090638,-0.13415118408702859,-0.24521352938344432,-0.3666065251145452,1
-0.5226230162583575,-0.7101555200114771,0.025785558124675974,0.1829312221868156,1.6020902919060238,0.7872442354738121,0.02369220943593496,-0.04374095145697825,-0.040561285963143734,-0.9655788406609931,-0.2574835532176155,-0.12145134411523374,0.11792595655924462,-0.3706346583478148,0.6807271118474068,-0.4758116809897387,0.22594749209442708,0.12695157719193673,0.1952372269877755,-0.27349384548557565,1
-0.4101391613736836,-0.3389590696946333,0.9735757089752883,-1.5299301898166882,-0.3801345881618046,-0.44711844726837036,0.18457510184094147,-0.033266138324905846,0.7308819393181067,-0.4045084045877736,-0.6029913141382968,-0.7266520933313501,-0.2236622762366792,0.384558539520281,-0.034546032857244814,0.424910952243864,-0.19508347717106,-0.1669894676672525,0.5502580878973659,0.12067496809834936,0
0.35003269334432124,-1.7681889560698243,-0.6184252447015897,-0.8841961670911478,-0.897732642034923,-0.5590719418305835,0.1732927364029389,-0.6689114269222398,-0.5162707431962599,-0.28167623529655167,0.09964521458462942,0.46193618778996653,-0.45893163201333054,-0.04814553649867701,-0.5440535502984765,0.4536254432032037,0.5296962904452449,-0.40969636976454515,-0.422052895731491,0.4665281745284926,0
1.8420935459310555,-1.33074449131448,0.4761332115971682,-0.003842888249381419,-0.7659122198920304,0.518804120022005,0.1402840164265664,-0.1549092796830525,0.5622290337489813,-0.044548661158189964,0.11328256051889254,0.3368923879861321,-0.8604236018629856,-0.005139792929131672,0.2239166845876777,-0.6258287104054678,0.25167589844445304,0.4152291502733032,0.2792392650885161,-0.1854513203470444,1
1.7884857987532583,-0.3887387093912516,-0.6424840426573799,-1.605113553607281,-0.9450222916326516,0.8625829369395586,0.4401018267415135,0.4803740861283592,-1.2654770159258175,0.06922984836796607,0.07823241636317525,0.6653902608017344,-0.1364056696121846,0.4225480797533829,0.002912465292199028,-0.017282727416973665,-0.09754554236545142,0.5272973027594556,-0.30442737792981966,0.6938699812461299,0
-0.9441001514124991,1.1311298882920806,-0.9885511436659953,-0.07365935075075063,-0.648210797665484,-0.2211127849887511,-1.3597636794469101,0.051997264788905914,-0.5666891401390061,-0.3645328550797589,-0.060936189618900016,-0.018722212589826814,1.0347520820547054,0.0825123716863618,-0.10366751370824814,-0.07277625814576352,0.09984878755070536,0.3059244198928457,-0.024424263939679832,0.3401979650372191,0
-1.4748295410170835,1.1078160888295696,-1.5576390561517803,1.032402032876995,0.1822695399535025,-0.4264204984209545,0.4723521494664068,-0.4802448635705393,-0.1127657636695268,-0.019066469306634727,0.4942101307147455,0.32482872266086404,-0.1656210204972402,0.06164472684655472,0.17217895664894975,0.27252851088201047,0.9683889545221598,-0.31545823534628153,0.3174406900601743,0.5489546837904439,0
-2.3799196912081095,-0.2798236979413474,-0.08011379225630184,0.025509075794449512,-0.013954962172519519,0.07919541200743332,-0.4804193143710446,-0.38295639733103454,0.21543892529912917,0.5403191232118515,1.2184985119338783,0.6759645288535983,0.8230296293396678,0.22772750724078858,-0.13985107127319502,0.4717785398215999,-0.19781392072188092,0.1697089810300945,0.4788323444272926,0.544642805042601,0
0.5324388259567279,-0.5817295572960821,-0.2618246585872337,-2.23340292906719,1.4273025487576692,-0.32000156360344506,0.2050173501131204,-0.009930080782493283,-0.08223544977393477,0.013330590322056107,0.2666880911206983,-1.0454784894056302,0.15965228811685198,-0.6856723242501496,-0.041577793455314566,-0.5649509373172017,-0.0814337947603547,-0.0413203463237287,0.20919128562611955,-0.0211428513529717,0
1.4631286187686503,-0.7893088874643245,1.5485152398427662,-1.7189317167650762,-1.2565706608384104,-0.9652100355648041,-0.9794223077581679,0.26379436828232267,0.5676115510732025,-0.29646376309151873,0.5752496722587509,-0.2177463956151086,0.09002341861735004,-0.41406590696100026,0.6207519344844286,-0.19905984600982088,0.0941451235682198,-0.10319482088020285,-0.14023742431809832,-0.16773211966739038,0
0.6440909756499361,0.9434194500326114,1.955034245360047,-1.156663433479201,-0.7343750406605715,-0.15224724294727054,0.055055999342243325,0.280803838455048,-0.7009110515114098,0.2050655268739012,-0.4160036570941118,-0.42362971875611644,-1.0292327603511406,0.45197570926586383,0.6501513000087275,0.15260838809899788,-0.0003156974836592459,0.3923433546410994,-0.41746606196796754,0.2021918229291354,0
-0.2953833741152677,0.3942112769681442,-0.019213865556867302,-0.9441521915993613,-0.3146381890283959,-0.49600691473618935,0.7472842668175759,0.9345108009407564,0.3406569250339769,-0.1401830749424409,-0.5181773132541959,-0.6229103750602779,-0.5378202213167836,0.6138258562690855,-0.1144640951790522,-0.3460641649082615,-0.4427252929754888,0.4711077332792301,0.014465439797389713,0.11574151112172791,1
-1.2122984350966675,-0.14296438357398655,-0.8356632764433491,-0.155222362992811,0.12076893042559587,0.6651042300108274,-1.197048443007641,0.5735064706593628,-0.5199240045980641,0.7008397289796907,0.6793354642535573,0.3256454103120567,-0.4027908820761006,-0.17136355828795455,-0.3777946179624418,-0.3900205051292831,-0.1407530236192632,-0.21142458337926245,-0.36427787227989583,-0.3279641493894385,0
0.6605805896860572,2.034151414041282,0.014445306674525368,-0.8152157990757951,0.8277041202058298,0.7497652648723195,-0.8034395637563307,-0.6281117813790108,0.21751965362753506,-0.21658920292006276,-0.13275502919519122,-0.2489300732107401,-0.9586401525574201,0.07195952970527408,-0.4769355819216406,0.39262316987852564,-0.8838923949818517,-0.017168312497556095,0.5698412377251026,-0.05227848718082324,1
-0.2957281791372663,0.6228305810619575,1.764430008176553,-0.0795997390308877,0.07537135302927496,-0.8527048473668909,0.32269986409249346,0.25431635728622287,-0.02945278844098214,0.054781527489806525,0.33500466396256634,-0.8399703927121801,0.3115919671412611,-0.12807005208895483,-0.28277860979700936,-0.5007996342038105,-0.1418625130776454,-0.12476598775338478,0.01890937755313348,0.10044448121813024,0
-2.3608768217223624,-0.19053042039034945,0.10680650465445504,-0.04889437971899764,0.13155675944111117,0.026296257573619846,-0.4750022430496374,0.9305799828347296,-0.16326162272330283,-0.3019972014897551,-0.012990130609849812,-0.17163361108275932,-0.05164971040474356,-0.43065953309365435,-0.09442890821099777,0.007502541810197221,0.27923354808977063,0.41664726544663205,-0.1558728012778831,-0.16452118946803676,0
1.9801267340074413,-2.357323884303707,0.6287827602053591,0.7658430183225996,-0.0937311123850702,-0.6776356438750509,-0.022799911377404343,-0.6816884200805944,0.18160323962667538,-0.1889426186829993,0.3430223636786133,-0.10135650143606992,-0.6321742480934983,-0.4462484512810174,0.16396224339002458,0.4757946952480185,0.2776367202884004,-0.03242353644527814,-0.4974324748817018,-0.13785049030771815,1
0.31845225775397656,0.3725006048585172,-1.612812619267558,1.366028349690003,-1.687265933614097,0.8649125942476765,-0.35528365472948975,-0.27699923918076713,-0.7117783710496057,-0.20606350487200434,0.03708918098295136,0.2719705301116608,-0.5542458972555608,0.06915376053329422,-0.2788691277828121,0.3176746171548596,0.7538967357732009,-0.3491369553076011,-0.3049648502807826,0.8798720703556946,1
-0.8415361054755156,-0.8827832197832662,0.08964808495619889,0.25949991849164594,-0.29833306988992914,0.07175856411607814,0.6645520599034773,-0.35773125082055995,0.10395804165482754,0.04090832106718823,0.312393992262398,0.220718613058343,0.03039674060383744,-0.4919814002533207,0.46321339808348966,0.914332057139278,0.08569719041840983,-0.8293312314369734,0.36384937860354805,-0.1019330125088486,1
1.0447876309368216,-1.2812632888277873,0.1901458386664285,-0.13870422785261927,0.09278578815768326,-0.6992900715536894,-1.2689143307051811,0.035720438267238454,-0.019519542389601463,0.08694529109977096,-0.04464948420848356,0.6814334258355331,-0.4709474256288647,0.19309122062399187,-0.6535783237989268,0.61320549153898,0.5803018762795987,-0.3931888675457114,0.3209587263961519,0.5823782984074399,1
-1.8941087549600852,0.22041969058261107,1.2330794050103084,1.034483400597692,0.16924692297794752,0.7350354712640366,1.3648800764491156,0.45960832066820984,0.000734186200900078,-0.28003078889226124,-0.014675873798351956,-0.14041976334066117,0.21899393371806075,-0.053767262311487464,-0.5839480085503898,-0.8310732373596442,0.24032335965166046,0.31116384416429455,0.29928208091396324,0.09200014478378084,1
-2.060412283167745,-1.0096014546215961,0.43493397510376636,0.033577206309046224,-0.582144309684468,0.7122435695166572,-0.913163594286991,-0.10888945744960002,0.018759828817468863,0.32012159557323544,-0.5811653285991691,0.5267031213404706,-0.04685122238365168,-0.14859468434836742,-0.18845409968529897,-0.14604450406191222,0.30740374946632903,0.0336241677294523,-0.3318053121352201,-0.22574776151004095,0
1.205813454030437,-1.0292415711040357,0.7891593635558709,0.02029043484154577,0.10918987387531211,0.00010841865644474661,0.5763425114902067,-0.47379488097142014,0.04448257753825549,-0.42751927557771024,-0.4592440514551873,0.3647231776247329,-0.33805275780905625,-0.5729882143383919,0.2766517182891667,-0.09707865547579467,-0.2596237151280386,0.33103484092405233,-0.3674863094483794,-0.07683432016369762,1
1.5780318128946873,-0.5926267374414229,1.7675813724696077,0.47152256056902747,-0.7893608444049001,-0.7066132145323045,0.05707705041183262,0.3531377244339356,-0.858051026977944,-0.1587337544401986,-0.5264838568157871,-0.9223042611117119,-0.10730162384076028,-0.03721418189738749,-0.3572536201312213,-0.27055304363396115,0.8199534010970116,-0.2530407905701961,-0.03357838917759897,-0.2608611740215847,0
1.353516245388968,0.3850353939197827,-1.622847126669424,1.2127617107000257,-0.013439681900546252,1.625802985834031,0.33184231994090546,0.09098862424786601,0.8492209085092148,0.2588108405243558,0.08087158775827426,0.14411747035700612,-0.29505835083353654,-0.2122520686269611,0.3119661922874876,-0.08162602207323452,-0.009145291051618687,-0.07738407568222624,-0.16043946566358588,0.06806369354084109,1
0.8063076005204436,-2.093594617893004,0.29588378913087765,-1.8436946874418272,-0.6806403968202285,-1.3388925015777444,-0.025494127837147617,-0.5861625690929828,-0.07309792658117366,-0.17536807310681493,0.402355144640468,-0.4101314282587731,0.5589340155214743,0.007561836006825185,0.17859071990947095,-0.44055143398152996,0.40186827799898667,-0.91703399803541,0.25261803305654534,0.5537302341173819,0
0.12442857681098744,-0.3944865496081838,0.9987238355242738,-0.6815870356472395,1.5631887366790955,0.10692590808737797,-0.0506499410917537,-0.20931536243859475,0.7365045306286017,-0.30420430140539473,-0.2192689973147398,-0.5531753489741833,0.23979222515426182,0.054201023829825445,-0.2021568767779861,-0.0836747366278771,0.3993778603929598,0.008856712107700298,-0.15370692950012232,0.05091463472720708,1
0.6148756023270042,0.3403370754519978,2.566064979650492,-0.020260629257682527,-0.617048918946019,0.0400945447044649,0.5620844119903653,0.9951490137269509,-0.01613022629186416,-0.5379046088358016,0.358641439208632,0.11847873292334285,-0.23676234364100768,0.4463900130779678,0.2588836610392713,-0.46395106390257856,0.20702369132119652,0.03241272252959097,-0.09941849581291938,-0.19404879652980397,0
0.8856533466677751,1.5766944197321784,0.818492984921731,-1.089975236575391,-0.18098737553758992,0.0824387624383636,-0.906194478291167,0.03564500141919855,0.08363090996850817,-0.49305441750922946,0.9420536214146196,0.20078979925871437,0.7372789793551955,0.19186426544886312,-0.004279797334561832,0.14058939195847156,0.3601686408927317,0.5175632425674818,-0.1840475398774853,0.3949085235902058,0
-1.7871435111161034,-0.20170887588993555,0.4501440089033073,0.278307912976411,-0.6405285586168089,0.49307848245105984,-0.40515702919173024,0.1617722116419319,1.0980053482663295,-0.01854511375850484,0.9918642050964175,-0.02492328270601153,0.3003332824060946,-0.1325544668495888,-0.8714272589912846,-0.5639340136124715,0.06832598988475926,0.057229157041237176,0.025658891365725495,0.16306676891146898,0
-0.28773586504294085,0.5497705917749035,1.889063973416748,-0.3967624037473732,0.5453864901214193,0.4611932856040515,0.11402192921391754,-0.0041536078352990185,-0.23602459708537352,0.1898995514725275,-0.15090054124937863,-0.34628327198727543,-0.8964748924949729,0.48762652426016817,-0.12324311801417279,-0.01444825418125634,-0.10641446769251577,0.36391047369453544,-0.43795420611521263,-0.037911080925987446,1
0.11361331847394382,-0.9740205030677648,0.4357812920918019,-1.0090497815173611,-0.9176395362255781,-0.23417347558598356,0.22000677499658527,-0.8370856385971588,0.05534170470791583,0.514053580513826,0.4146309784908272,0.06368507701966189,0.028565421351978565,0.00854030608414258,-0.3547004108129212,-0.6989305168039508,0.17506338392268048,-0.7045781378733741,0.16587242577824626,-0.16438033746527705,0
1.7247225145054932,0.46216638115211445,-2.158256200044638,0.7765993542665827,0.41128422623069033,-1.2784674848125095,0.7433387980934639,-0.1383760817418318,0.413273753524956,-0.32315860375523187,0.023053929403571503,0.4074592051715444,-0.46816452763478794,-0.19253346736137011,-0.057534370857609804,0.15008447732792443,-0.029451868691803523,-0.08612795741734738,-0.14682064929677782,0.016224293604535443,1
-2.048062629965982,0.854003943414006,0.19781012974148154,0.25744784310721713,0.2929822508702946,-0.10694662002648599,0.028537891743841172,0.7172902388247482,-0.11700259947270984,0.8613445219545146,-0.10294067425875286,0.12790138739833465,-0.020419322180358385,-0.32476968058029104,0.10894555919646287,0.24221888024758406,0.3048390520097894,0.19962435179078106,-0.2099264246844929,-0.06125812582583257,0
0.7238931487587331,-1.5293553224404464,-0.4032298527057425,0.3348123728150092,-0.2897173154430195,0.4819234992226171,-0.2018299149547554,-0.5838260801490261,-0.4986194249093498,-0.33960382184293764,0.8130572248734644,0.3602894077654325,0.25536359923045826,-0.2511401660018084,1.1008618265883756,-0.10493126509167702,-0.7178529616402516,0.3541702835700946,0.009480939308640324,0.028429838560566988,1
-2.882846738589933,-0.543949342198016,0.19009068127337886,0.37252957444141255,0.2991754543223785,0.2221234527091598,0.34523136048628106,-0.7635741643921492,0.6513057778978076,0.13638578990083303,-0.17235002687274073,-0.10887911519533493,-0.5675835849990455,0.5612517230222664,-0.6284713734466605,0.0010421927944795886,-0.11316554748064658,0.33600600072301134,-0.12747533675697753,0.17569233029607242,0
0.10800444616032369,-0.0928993977373495,1.7055592705184721,-0.6493654729203348,0.501815727229522,0.5086113578142574,0.6870570292326454,-0.5382738953546561,-0.09416330958554833,-0.3605272380394369,-0.3765769057168276,0.5586779827441083,-0.2785856407562896,-0.26821724714862294,0.3574432263353986,-0.5003214642016155,0.22198270627122418,0.34589273083593397,0.03682443775078481,-0.22311541570128293,1
2.806700462992504,-0.13338941931593992,-2.07737483395469,1.1964207796410185,1.9124096277054232,-0.9453046226888445,-0.7699747873121094,-0.7998205660364781,-0.15901822860196696,0.42936325143670306,-0.8851739625836311,-0.5781120030517384,-0.302081720297365,0.007667307090573131,-0.7342371066132439,0.07413932488316882,0.8255206452938976,-0.1345058219975491,0.13898528120192444,0.8338497799089157,1
2.3382456016049007,-0.6083863101442241,1.6946060716503701,1.4106274720645424,0.5971595276320838,0.6596188682352271,-0.1520544320752052,-0.3323571980031702,-0.6630557802337985,0.25547167576605784,1.2009291463742504,-0.29150895725641285,-0.07893341721004321,-0.2598976072387097,-0.7496026980081362,0.9517498447514268,-0.5586898894070954,0.015845025195076568,0.4839539551777976,-0.24958986832838276,1
-0.3269702652440082,-0.428072116445634,0.44930408288314105,-0.9567169531829206,-0.33777289813057393,-0.4745934589085263,0.633932633256504,-0.11510167804781841,0.8543875457039666,-0.0035969735545608706,0.04283590658555832,0.48195948752383383,-0.6600921368217241,0.9563805077060732,0.1327888217641277,0.09200354864197796,-0.5357490243423958,-0.17344304687895068,0.3264715783033885,-0.01010713364174548,0
-1.0085967269408938,0.04109514222417474,0.9108197630232399,-0.7830694641486998,0.1008324341276264,-0.4688880287741403,0.736706961500539,0.05476295065314981,0.7247599412414504,-0.6681891595117757,-0.5233017468020498,-0.202808219622939,-0.04686671511758635,0.7030725882659687,0.04542437480642483,-0.35936487251366694,-0.33215340868847987,0.14127212989030122,0.021564432418314492,0.13521332642197675,0
-1.2672650024785765,0.272979173552598,0.5247756281283144,-0.9097370031421755,0.4130586434053911,-0.9645493773175536,0.6146842864851035,-0.05099147970237325,-0.10296958960248963,0.45212799174335044,-0.44940366500579076,-0.4087691533056466,-0.6278858322700721,0.4738769225992416,-0.23048986223023976,0.15514586911706407,-0.2986253662108334,0.20449623545995668,-0.1228663085091438,0.1357966642017665,0
0.6897324942527431,-0.15909943740666813,1.8658657427829346,-0.5958728345670607,-0.6265710679624372,-0.45420121293105276,-0.2633533673708748,0.12089640620841662,-0.236895754753921,-0.2691628615821257,0.3732916117165983,1.3680248716176542,0.3584985893041274,0.6346197387902307,0.7662191575036699,0.0832665062051877,0.28969091944055114,0.7486104827091118,0.013738192337696636,0.755669790080139,1
-0.4658225689258821,2.189356628882243,-0.6363462920793805,0.5852118200249266,-0.26634170626568215,-0.6183776625691652,-0.3251139706786011,-0.43574381412455365,0.2343794994117556,0.32540667483472446,-0.1136147060885335,-0.6006947917990239,-0.26520706208378775,0.27214905615153695,0.4924233768605096,0.24131028165889593,-0.653214787712923,-0.4312410009829585,0.32421432992333143,-0.004134352418186472,0
-0.595233596133989,-2.4179656415452104,-0.47151560944083626,1.522854843975401,-0.4540229911208424,-0.399639184562616,-0.25582169599754656,-0.8195919073279425,-0.6436925045560322,-0.014301880105270086,-0.7604779944664815,-0.2619535756602739,-0.23868057355621508,-0.5455565003568454,-0.22179485597951829,0.4889898035984621,0.15667088098989693,-0.24537581126276767,-0.398970078317365,-0.16044884278802315,1
2.454278153480746,-2.0366630448956626,0.546855937490709,1.0552552597393885,1.0364764688825199,-0.4446444633484229,-0.28468652335084355,-0.4131348264125303,-0.8920382105800648,-1.0902176753032746,-0.47982554678330563,-0.02110619016667533,0.8355639014076132,0.27338831348165243,0.07158300926886449,-0.048355960568383295,-0.010357809978276655,0.3347080980804949,-0.30479139212260725,0.8805589201564404,1
0.24028659251073722,-0.906377607197927,0.44187068919518013,-1.6516847228070146,-1.0161377418497695,-0.011733957113744541,0.04732530371829255,-1.0111628837848226,-1.066680172756682,-0.3328961448286572,0.6185036661029217,0.5780844522082524,0.3779793782526455,0.03253363181760919,-0.19817598416061277,0.2909236318892458,-0.4957374290597452,-0.2648404556673347,-0.09300774930335762,-0.20096917164967573,1
-3.018595923403247,-0.9189589818053046,0.6026999104867214,0.16199205742488212,0.4340986350866043,0.21337317657539395,-0.14872682690199443,-0.7668605183240832,-0.013246645833525599,-0.27790543929287637,-0.18746081106278373,-0.01844633833301669,-0.6491003234416411,0.3402403477893845,0.35776159675464464,0.30089849787125916,-0.08985375342236185,0.190343368923897,-0.28308866622635326,-0.17615648752686552,0
2.2501151465809364,-1.634210304895778,1.5677765304282516,-0.6975232907013447,-0.7169309805350184,2.1010260206290488,-0.4983427289055128,0.02022745579017425,0.8690908007258294,-0.26813880040313504,0.24700176835874582,-0.6257199393373846,-0.6684946208385062,-0.1838824410466074,-0.629382926950274,0.408996229371844,0.5307134091761168,0.028607304174343595,1.0149592600309343,-0.17818952898962157,1
0.6384833404424636,-0.0858637466796453,0.3372637300775867,-0.7521991316774609,-1.3452141903713135,0.4875749490483171,0.8239386956530095,0.6710109205826815,-0.25405621972004544,-0.5363183536803153,0.7815276237178407,-0.1731486437855036,-0.385617645481661,-0.5697235218487053,-0.2621931245511813,-0.5267066511744736,-0.5554317830235278,0.2337717130696862,-0.28204002612401624,-0.11806771633504633,1
-0.7041958148368741,-0.12675736681832753,-1.773958336037412,0.28752037230074196,-0.754909715785306,0.01783306654310708,0.06986931256770014,0.16935547194484507,0.9399391114050886,0.1890975959180939,-0.04094385025811644,0.501195120341825,-0.5716667420636787,0.3164625531240584,0.3201413678923954,0.15770668308071326,-0.13481946572757786,-0.03700507014939283,0.5640803809490148,-0.13629507892168227,1
2.6554454903244555,-1.5961200029587723,1.0149238677298815,0.5798106661722315,1.0752332410203527,-0.4234232424229526,-0.2885157347880255,-0.46468510902143895,-0.41300817157785996,-0.5164082355152396,0.23558853619789272,0.5446680343825152,-0.13648354322944467,0.29281000347491193,0.7670770524593451,0.25170795743906343,0.07668956225281467,0.3681073853072799,0.8716200834904627,-0.08387063763505884,1
0.8311648760196081,-2.535305320296664,0.6044646258479489,-0.8095963418839619,-0.4178921019253302,0.655405139640522,0.5024736149309182,-0.09765187151630954,0.6001491073293311,-0.9773010029859167,0.22565919202579013,0.14608962067618841,-0.25279632942440133,-0.34431859354395317,0.05663704066816719,-0.12635340675757442,-0.03990535396064355,0.19874776028627675,-0.3603490764837731,-0.13074830796092407,1
-0.7118088855204199,0.4103105981106231,0.8207912799001609,-0.9765475308712426,0.934695025014772,-0.27350873162669426,0.0796412835453613,0.14806995546553672,-0.26324814769876603,-0.35375036725547077,1.1098584400549403,-0.5648584659713901,-0.1297445047584012,0.7864697652004288,-0.16892105500748228,-0.313683583947049,-0.20308265187480323,-0.3152246532728495,-0.07449286054825996,1.2688993102471258,1
-2.5150660531947455,-0.5444708726596768,1.0709335181491757,0.5312049236163854,0.0983437685071031,0.36212882313786576,-0.03132503257690221,-0.33874239953735485,0.8075028745140941,0.45347780054020237,-0.10236386219071195,0.49675855990051,0.07127635212151934,-0.19395070984924728,-0.6657121456775417,-0.05361744420290372,0.353075383593105,0.43332293753035084,-0.20172064486054686,0.14386455698601724,0
-1.5907612863384994,1.5421606575157694,-0.07257042088176856,0.8289873313418996,-0.41003879430773066,0.5547091779415856,-0.03518690243761901,-0.42418152829495404,0.29717120004926156,-0.3708124107036054,0.3593062362168793,0.2772793337521098,-1.0984008960790694,0.8030631379508048,-0.4315521260394034,0.16001661688102523,0.25984589842634814,0.21815006100183104,-0.34123227508189163,-0.1627108285790632,0
1.127565538291161,-0.4327350179486367,-0.2616676069545421,-0.6672694633281507,-0.16246861352524497,0.09733396552535868,0.5719514873166762,-0.14821105570854326,-0.9890017556215196,0.9113891968177176,-0.5467451308163406,-0.323470324784586,0.48033878949955067,0.022008291834629636,-0.622399572798064,0.4687381785607793,0.0430645467111697,0.4213786772949944,-0.3532500403278488,0.6737584007856315,1
-1.2277754868493351,0.29550490990349293,0.0017905113050419614,0.3777162044006984,0.1195648092301124,-0.1494130714674172,0.7134895793253971,0.11176014580960619,-0.709798523607647,0.7056426958713086,-0.019394110236266034,-0.33362684310466234,-0.10508107503317135,-0.31469343157142865,0.4178136130509789,0.18881350714884818,0.6582306052910069,0.04737228636120669,0.2150747882993112,0.637301552737821,1
0.9154737818084852,-0.95054777929966,-1.1185800944676845,-1.2385096334825754,-0.9870145496896171,-0.7734674819009062,0.4143231525948561,0.15722474996608685,-0.5994772436813245,0.8956521726409661,0.10387908058696288,-0.11675321818143836,-0.08012175677713347,0.521936139406757,-0.3666786448340716,0.025935427934686454,0.448614453170461,0.21213207365621353,0.24345623083657625,-0.5064821158945089,1
1.1966601287853993,-1.3684533703451602,1.0290962109681276,-0.4102374820672004,-1.0779476927580682,-0.42071100740084255,-0.09826767664494558,-0.5754278773644375,0.07294730244685646,0.0010103381599096278,-0.5623824920323419,-0.2117476033447182,-0.7480873769047346,-0.6226645947318743,0.1756466045767182,0.24392139786621161,0.2896271383280254,0.2523517358013111,0.798502480985299,-0.1496952410646568,1
